brand,name,url,image,price_original,price_sale,saving_amount,saving_pct
Flx,Cône de poignée pour cricket,https://www.decathlon.ca/fr/p/8557295/cone-de-poignee-pour-cricket,https://contents.mediadecathlon.com/p1655460/k$3ca17d6a71f6bda9899553c4a90b90f8/cone-de-poignee-pour-cricket.jpg?format=auto&f=3840x0,10.0,2.0,8.0,80.0
Starever,Léotard de danse classique enfant – 500 blanc,https://www.decathlon.ca/fr/p/8738983/leotard-de-danse-classique500-filles,https://contents.mediadecathlon.com/p2284091/k$7ae2629487985afb0c6621151b83033f/leotard-de-danse-classique500-filles.jpg?format=auto&f=3840x0,30.0,8.0,22.0,73.33
Newfeel,Chaussures marche enfant Actiwalk noir,https://www.decathlon.ca/fr/p/8504974/chaussures-marche-enfant-actiwalk-noir,https://contents.mediadecathlon.com/p1784083/k$6f92c2bf3c71965b332a3e5b4277464f/chaussures-marche-enfant-actiwalk-noir.jpg?format=auto&f=3840x0,35.0,10.0,25.0,71.43
Starever,Léotard à jupette classique enfant – 150,https://www.decathlon.ca/fr/p/8738765/leotard-a-jupette-classique150-filles,https://contents.mediadecathlon.com/p2284114/k$1d0a20cca521dff46d13f64dd278295b/leotard-a-jupette-classique150-filles.jpg?format=auto&f=3840x0,35.0,10.0,25.0,71.43
Inesis,Pantalon de golf pour homme – WW 500 gris,https://www.decathlon.ca/fr/p/8732534/pantalon-de-golf-homme-ww500-gris,https://contents.mediadecathlon.com/p2236602/k$e2292867f65e5a530e0ae188c475ac82/pantalon-de-golf-homme-ww500-gris.jpg?format=auto&f=3840x0,60.0,20.0,40.0,66.67
Fouganza,Pantalon équitation homme 100 noir,https://www.decathlon.ca/fr/p/8562331/pantalon-equitation-homme-100-noir,https://contents.mediadecathlon.com/p2273662/k$e9bf4cf8eff52bff6cd385857baef0b6/pantalon-equitation-homme-100-noir.jpg?format=auto&f=3840x0,30.0,10.0,20.0,66.67
Olaian,Bas de maillot de surf à taille haute – Romi noir,https://www.decathlon.ca/fr/p/8751561/bas-de-maillot-de-surf-a-taille-haute-romi-noir,https://contents.mediadecathlon.com/p2805938/k$75e705f7dc514eb87c5d083ca00cfdd5/bas-de-maillot-de-surf-a-taille-haute-romi-noir.jpg?format=auto&f=3840x0,30.0,10.0,20.0,66.67
Domyos,Legging à taille haute femme avec imprimé – FTI 120,https://www.decathlon.ca/fr/p/8852956/legging-dentrainement-femme-500,https://contents.mediadecathlon.com/p2630540/k$8dac361968df7fe69b2a04e654b9c63d/legging-dentrainement-femme-500.jpg?format=auto&f=3840x0,30.0,10.0,20.0,66.67
Domyos,Legging à taille haute sans coutures femme - FTI 900 Muscle,https://www.decathlon.ca/fr/p/8885113/legging-a-taille-haute-sans-coutures-femme-fti-900-muscle,https://contents.mediadecathlon.com/p2731518/k$858e86d517d99296ea051b33f2156fba/legging-a-taille-haute-sans-coutures-femme-fti-900-muscle.jpg?format=auto&f=3840x0,40.0,15.0,25.0,62.5
Domyos,"Legging de sport taille haute femme, FTI 500",https://www.decathlon.ca/fr/p/8873455/legging-a-taille-haute-femme-fti-500,https://contents.mediadecathlon.com/p2732539/k$86ee98dff36f6ea6f12f5b71694a7e74/legging-a-taille-haute-femme-fti-500.jpg?format=auto&f=3840x0,40.0,15.0,25.0,62.5
Kalenji,Slip de Running Respirant - Hommes,https://www.decathlon.ca/fr/p/8573739/slip-de-running-respirant-hommes,https://contents.mediadecathlon.com/p2155936/k$d74756fe38f7c7d8cb156933ad533029/slip-de-running-respirant-hommes.jpg?format=auto&f=3840x0,8.0,3.0,5.0,62.5
Kiprun,T-shirt de course sur sentier homme,https://www.decathlon.ca/fr/p/8826327/t-shirt-de-course-sur-sentier-homme,https://contents.mediadecathlon.com/p2600555/k$b4eb8e4376e5a88630af1f8f8c0cab95/t-shirt-de-course-sur-sentier-homme.jpg?format=auto&f=3840x0,25.0,10.0,15.0,60.0
Van Rysel,"Cagoule de vélo, 500",https://www.decathlon.ca/fr/p/8369774/cagoule-velo-500-sans-couture-noire,https://contents.mediadecathlon.com/p1034936/k$6628923686b98e223ff56804fa8d5a11/cagoule-velo-500-sans-couture-noire.jpg?format=auto&f=3840x0,25.0,10.0,15.0,60.0
Starever,Jupette de danse classique en voile rose – Filles,https://www.decathlon.ca/fr/p/8399594/jupette-de-danse-classique-en-voile-rose-filles,https://contents.mediadecathlon.com/p1701158/k$c210b206de9578d31eb385bcfdc44081/jupette-de-danse-classique-en-voile-rose-filles.jpg?format=auto&f=3840x0,10.0,4.0,6.0,60.0
Domyos,Chaussons de gymnastique artistique 500,https://www.decathlon.ca/fr/p/8382122/chaussons-de-gymnastique-artistique500,https://contents.mediadecathlon.com/p2163984/k$e8cb3f210962a982b9ebe63c75d4691d/chaussons-de-gymnastique-artistique500.jpg?format=auto&f=3840x0,14.7,6.0,8.7,59.18
Fouganza,Doudoune d'équitation sans manches enfant - 500 bleu,https://www.decathlon.ca/fr/p/8580035/veste-dequitation-500-enfants,https://contents.mediadecathlon.com/p2289282/k$a41a5a2b2d68da880c985404561c5063/veste-dequitation-500-enfants.jpg?format=auto&f=3840x0,35.0,15.0,20.0,57.14
Domyos,Haut court à manches longues femme - FTS Camo 900,https://www.decathlon.ca/fr/p/8872134/haut-court-a-manches-longues-femme-fts-camo-900,https://contents.mediadecathlon.com/p2731465/k$a43a523b7bbd9d2ff429a047069d4a53/haut-court-a-manches-longues-femme-fts-camo-900.jpg?format=auto&f=3840x0,35.0,15.0,20.0,57.14
Domyos,Haut court à manches longues femme - FTS Camo 900,https://www.decathlon.ca/fr/p/8885108/haut-court-a-manches-longues-femme-fts-camo-900,https://contents.mediadecathlon.com/p2731474/k$b509a299fedd4afd2e46bebadccbc42f/haut-court-a-manches-longues-femme-fts-camo-900.jpg?format=auto&f=3840x0,35.0,15.0,20.0,57.14
Kipsta,Chaussures de soccer à bande autoagrippante enfant – Viralto I Easy FG,https://www.decathlon.ca/fr/p/8844013/chaussures-de-soccer-enfant-viralto-i-easy,https://contents.mediadecathlon.com/p2585347/k$6b6940a155fc02356c0da30d608d0cf1/chaussures-de-soccer-enfant-viralto-i-easy.jpg?format=auto&f=3840x0,45.0,20.0,25.0,55.56
Kalenji,Boxeur de course respirant homme,https://www.decathlon.ca/fr/p/8573734/boxer-de-running-homme-respirant,https://contents.mediadecathlon.com/p2607274/k$405030576bd4609e683294defeeeaa75/boxer-de-running-homme-respirant.jpg?format=auto&f=3840x0,9.0,4.0,5.0,55.56
Kalenji,Boxeur de course respirant homme,https://www.decathlon.ca/fr/p/8677501/boxer-de-running-homme-respirant,https://contents.mediadecathlon.com/p2607004/k$d2003689370a6ce165a3c02bfd648bd9/boxer-de-running-homme-respirant.jpg?format=auto&f=3840x0,9.0,4.0,5.0,55.56
Kipsta,"Chaussures de soccer à bande autoaggripante enfant, Viralto I Easy TF",https://www.decathlon.ca/fr/p/8844071/chaussures-de-soccer-enfant-viralto-i-easy,https://contents.mediadecathlon.com/p2583366/k$7a80e32bc6c7b89d5d693098f7a27e0f/chaussures-de-soccer-enfant-viralto-i-easy.jpg?format=auto&f=3840x0,42.86,20.0,22.86,53.34
Wedze,Tuque de ski - Docker noir,https://www.decathlon.ca/fr/p/8810556/tuque-de-ski-docker-noir,https://contents.mediadecathlon.com/p2579062/k$8c351a3e1becb530d625cdea413a94d3/tuque-de-ski-docker-noir.jpg?format=auto&f=3840x0,15.0,7.0,8.0,53.33
Corength,"Barre d’haltérophilie de 20 kg, manchon de 50 mm de diamètre et prise de 28 mm",https://www.decathlon.ca/fr/p/8491834/barre-dhalterophilie-de-20kg-manchon-de-50mm-de-diametre-et-prise-de-28mm,https://contents.mediadecathlon.com/p1615301/k$beb4c358ecf26ef9d3ba20c53c1b6709/barre-dhalterophilie-de-20kg-manchon-de-50mm-de-diametre-et-prise-de-28mm.jpg?format=auto&f=3840x0,320.0,150.0,170.0,53.12
Olaian,Chapeau de surf taille M - 500 noir,https://www.decathlon.ca/fr/p/8927008/chapeau-de-surf-taille-m-500-noir,https://contents.mediadecathlon.com/p2959401/k$c890169e16d5bf1ddbac2356cafe4db4/chapeau-de-surf-taille-m-500-noir.jpg?format=auto&f=3840x0,25.0,12.0,13.0,52.0
Kalenji,"Veste de course à pied respirante femme, Dry",https://www.decathlon.ca/fr/p/8750017/manteau-de-course-femme-dry-noir,https://contents.mediadecathlon.com/p2306513/k$be9135d536848b347f2ff1c6f65b2b6a/manteau-de-course-femme-dry-noir.jpg?format=auto&f=3840x0,25.0,12.0,13.0,52.0
Domyos,Legging à taille haute femme – FTI 100,https://www.decathlon.ca/fr/p/8902664/legging-a-taille-haute-femme-fti-100,https://contents.mediadecathlon.com/p2731983/k$58c5b17c9c436ff11f61d97ef972afaa/legging-a-taille-haute-femme-fti-100.jpg?format=auto&f=3840x0,25.0,12.0,13.0,52.0
Quechua,Sac de couchage enfant 10°C – MH 100,https://www.decathlon.ca/fr/p/8513487/sac-de-couchage-enfant-10c-mh100-turquoise,https://contents.mediadecathlon.com/p1596419/k$571c068064b22710b9667a66da2d656c/sac-de-couchage-enfant-10c-mh100-turquoise.jpg?format=auto&f=3840x0,25.0,12.0,13.0,52.0
Oroks,Chandail hockey IH500 Hommes,https://www.decathlon.ca/fr/p/8549656/chandail-hockeyih500-hommes,https://contents.mediadecathlon.com/p1720942/k$f8f3a4ca015498428ec6b5a83b4c2030/chandail-hockeyih500-hommes.jpg?format=auto&f=3840x0,25.0,12.0,13.0,52.0
Inesis,Bois n°3 pour droitier à vitesse moyenne – 900,https://www.decathlon.ca/fr/p/8796807/bois-3-pour-droitier-vitesse-moyenne-900,https://contents.mediadecathlon.com/p2447530/k$61654ba661d6b5ff55b1be08c33ad2be/bois-3-pour-droitier-vitesse-moyenne-900.jpg?format=auto&f=3840x0,220.0,110.0,110.0,50.0
Inesis,Bois n°3 pour gaucher à vitesse moyenne – 900,https://www.decathlon.ca/fr/p/8796809/bois3-pour-droitier-vitessemoyenne-900,https://contents.mediadecathlon.com/p2447523/k$232f8c3d7f3ba9374733aef9623ca97c/bois3-pour-droitier-vitessemoyenne-900.jpg?format=auto&f=3840x0,220.0,110.0,110.0,50.0
Warrior,Gants de hockey enfant - Covert 500 noir,https://www.decathlon.ca/fr/p/8780900/gants-de-hockey-enfant-covert-500-noir,https://contents.mediadecathlon.com/p2360999/k$5df46b6768dfe187ea43c29da6cf7ee7/gants-de-hockey-enfant-covert-500-noir.jpg?format=auto&f=3840x0,110.0,55.0,55.0,50.0
Warrior,Gants de hockey enfant - Warrior Covert 500 bleu marine,https://www.decathlon.ca/fr/p/8780901/gants-de-hockey-enfant-warrior-covert-500-bleu-marine,https://contents.mediadecathlon.com/p2361000/k$027a7416b4e63a1374746c6c8e1654e3/gants-de-hockey-enfant-warrior-covert-500-bleu-marine.jpg?format=auto&f=3840x0,110.0,55.0,55.0,50.0
Fouganza,Mini-chaps d'équitation en cuir soufflet - noir,https://www.decathlon.ca/fr/p/8749603/guetres-dequitation-en-cuir-adultes,https://contents.mediadecathlon.com/p2160421/k$1a7df59b129979b23b8ada434899dcfc/guetres-dequitation-en-cuir-adultes.jpg?format=auto&f=3840x0,70.0,35.0,35.0,50.0
Kalenji,Chaussures de course à pied Jogflow 500.1 – Femmes,https://www.decathlon.ca/fr/p/8588973/chaussures-de-course-a-pied-jogflow5001-femmes,https://contents.mediadecathlon.com/p2153001/k$4e8a3bbe0b0b64a860ccaa5bea5b8616/chaussures-de-course-a-pied-jogflow5001-femmes.jpg?format=auto&f=3840x0,60.0,30.0,30.0,50.0
Triban,Chaussures de vélo de route SPD – GRVL 500 bleu,https://www.decathlon.ca/fr/p/8510100/chaussures-de-velo-de-routespd-grvl500-bleu,https://contents.mediadecathlon.com/p1600668/k$6e4da18e95f490fbe6e4b3f29f74e9ac/chaussures-de-velo-de-routespd-grvl500-bleu.jpg?format=auto&f=3840x0,60.0,30.0,30.0,50.0
Decathlon,Lunettes de cross-country photochromiques catégorie 1-3,https://www.decathlon.ca/fr/p/8575783/lunettes-de-cross-country-photochromiques,https://contents.mediadecathlon.com/p1834214/k$22cd76849121c166aa69f0d1009c7644/lunettes-de-cross-country-photochromiques.jpg?format=auto&f=3840x0,50.0,25.0,25.0,50.0
Van Rysel,Collant capri de vélo 100 – Femmes,https://www.decathlon.ca/fr/p/8587100/collant-capri-de-velo100-femmes,https://contents.mediadecathlon.com/p2015889/k$753ddc9556a081e818f40860115a6959/collant-capri-de-velo100-femmes.jpg?format=auto&f=3840x0,40.0,20.0,20.0,50.0
Fouganza,Legging d'équitation léger femme - 100 bleu,https://www.decathlon.ca/fr/p/8500988/pantalon-dequitation100-femmes,https://contents.mediadecathlon.com/p2292094/k$8300b769e04a3fd6b60903cbe1eae5c0/pantalon-dequitation100-femmes.jpg?format=auto&f=3840x0,40.0,20.0,20.0,50.0
Quechua,Short de randonnée homme – NH 550 gris foncé,https://www.decathlon.ca/fr/p/8644401/short-de-randonnee-homme-nh550-gris-fonce,https://contents.mediadecathlon.com/p2035125/k$51f1cda8948ccaff492157d9cb822529/short-de-randonnee-homme-nh550-gris-fonce.jpg?format=auto&f=3840x0,32.0,16.0,16.0,50.0
Domyos,Pantalon en coton ouaté homme – 500,https://www.decathlon.ca/fr/p/8665367/pantalon-en-coton-ouate-homme-500,https://contents.mediadecathlon.com/p2197577/k$c040478907122835f692e291116e492b/pantalon-en-coton-ouate-homme-500.jpg?format=auto&f=3840x0,30.0,15.0,15.0,50.0
Domyos,Haut court femme – 900,https://www.decathlon.ca/fr/p/8806876/haut-court-femme-900,https://contents.mediadecathlon.com/p2833833/k$27cc412765488bd821366cc1b9e324ee/haut-court-femme-900.jpg?format=auto&f=3840x0,30.0,15.0,15.0,50.0
Fouganza,Polo d'équitation manches courtes mesh femme - 500 bleu,https://www.decathlon.ca/fr/p/8575959/polo-manches-courtes-equitation-femme-500-mesh-bleu-turquin-et-marine,https://contents.mediadecathlon.com/p2387045/k$9c0f2c9cf8839372ee5ce61a61b07331/polo-manches-courtes-equitation-femme-500-mesh-bleu-turquin-et-marine.jpg?format=auto&f=3840x0,30.0,15.0,15.0,50.0
Btwin,Pneu de vélo de route –Triban Protect 650 x 25 avec tringles rigides / 25-571,https://www.decathlon.ca/fr/p/8551726/pneu-de-velo-de-route-triban-protect-650x25-avec-tringles-rigides-25-571,https://contents.mediadecathlon.com/p1757101/k$3fcf1c80f8730b71a4c833806d1ecb69/pneu-de-velo-de-route-triban-protect-650x25-avec-tringles-rigides-25-571.jpg?format=auto&f=3840x0,30.0,15.0,15.0,50.0
Fouganza,Mors équitation cheval et poney à aiguille en inox,https://www.decathlon.ca/fr/p/8216607/mors-equitation-cheval-et-poney-a-aiguille-en-inox,https://contents.mediadecathlon.com/p618514/k$e9213b0d8cdbe893a4a1785226657abe/mors-equitation-cheval-et-poney-a-aiguille-en-inox.jpg?format=auto&f=3840x0,25.0,12.5,12.5,50.0
Olaian,Sandales de plage femme – 500,https://www.decathlon.ca/fr/p/8920146/sandales-de-plage-femme-500,https://contents.mediadecathlon.com/p2829789/k$913fd70906e5f2d2b0a586827dc2310b/sandales-de-plage-femme-500.jpg?format=auto&f=3840x0,20.0,10.0,10.0,50.0
Olaian,Short de surf homme - BS 100,https://www.decathlon.ca/fr/p/8852274/short-de-surf-homme-bs-100,https://contents.mediadecathlon.com/p2632021/k$2c52ab71897d18ca3a0bec797ad673ed/short-de-surf-homme-bs-100.jpg?format=auto&f=3840x0,20.0,10.0,10.0,50.0
Fouganza,Polo d'équitation léger à manches courtes mesh enfant - 500 bleu,https://www.decathlon.ca/fr/p/8515190/polo-manches-courtes-equitation-enfant-500-maille-turquoise-et-marine,https://contents.mediadecathlon.com/p2588920/k$b6dd1c0688e6e7ddc0d4b0c7cc19c1eb/polo-manches-courtes-equitation-enfant-500-maille-turquoise-et-marine.jpg?format=auto&f=3840x0,20.0,10.0,10.0,50.0
Btwin,Collant de vélo 100 – Enfants,https://www.decathlon.ca/fr/p/8542668/collant-de-velo-100-enfants,https://contents.mediadecathlon.com/p1734210/k$ef732e42213a6c7095fd73234990d98b/collant-de-velo-100-enfants.jpg?format=auto&f=3840x0,20.0,10.0,10.0,50.0
Fouganza,Mors équitation cheval et poney 2 anneaux creux en inox,https://www.decathlon.ca/fr/p/8216610/mors-equitation-cheval-et-poney-2-anneaux-creux-en-inox,https://contents.mediadecathlon.com/p618512/k$80bdc360f7711c7576ff8e7490508469/mors-equitation-cheval-et-poney-2-anneaux-creux-en-inox.jpg?format=auto&f=3840x0,15.0,7.5,7.5,50.0
Olaian,"Maillot dermoprotecteur de surf à manches courtes enfant, 100",https://www.decathlon.ca/fr/p/8916342/t-shirt-de-surf-anti-uv-enfant-violet,https://contents.mediadecathlon.com/p2674835/k$ebfa2fe14c23fc0dc8f5e53c413eaf21/t-shirt-de-surf-anti-uv-enfant-violet.jpg?format=auto&f=3840x0,12.0,6.0,6.0,50.0
Olaian,Disque volant,https://www.decathlon.ca/fr/p/8640336/disque-volant,https://contents.mediadecathlon.com/p1925921/k$4e785b72adb5c1080d5ca178beed146c/disque-volant.jpg?format=auto&f=3840x0,12.0,6.0,6.0,50.0
Decathlon,T-shirt respirant enfant,https://www.decathlon.ca/fr/p/8916223/t-shirt-respirant-enfant,https://contents.mediadecathlon.com/p2809664/k$904d790c68ed3229f7da91c842a5aec8/t-shirt-respirant-enfant.jpg?format=auto&f=3840x0,12.0,6.0,6.0,50.0
Domyos,T-shirt de sport homme – Regular 500,https://www.decathlon.ca/fr/p/8873589/t-shirt-de-sport-homme-regular-500,https://contents.mediadecathlon.com/p2826612/k$8e68bae7a9fa6a6fec334e8036d610b7/t-shirt-de-sport-homme-regular-500.jpg?format=auto&f=3840x0,12.0,6.0,6.0,50.0
Olaian,Accessoire pour le séchage des combinaisons,https://www.decathlon.ca/fr/p/8609045/accessoire-pour-le-sechage-des-combinaisons,https://contents.mediadecathlon.com/p1989661/k$830fb490579b061d409ee0ba1b70ab04/accessoire-pour-le-sechage-des-combinaisons.jpg?format=auto&f=3840x0,10.0,5.0,5.0,50.0
Geologic,Flèches de tir à l’arc Easysoft,https://www.decathlon.ca/fr/p/8542569/fleches-de-tir-a-larc-easysoft,https://contents.mediadecathlon.com/p1692120/k$ac0bcf25367767d184b87b362616a6ea/fleches-de-tir-a-larc-easysoft.jpg?format=auto&f=3840x0,10.0,5.0,5.0,50.0
Radbug,Attache de poignet 100 pour débutants,https://www.decathlon.ca/fr/p/8580671/attache-de-poignet100-pour-debutants,https://contents.mediadecathlon.com/p2411116/k$3e5bce216ed3f4eccb0b7118cfce4ced/attache-de-poignet100-pour-debutants.jpg?format=auto&f=3840x0,10.0,5.0,5.0,50.0
Olaian,Short de surf garçon - bleu cyan,https://www.decathlon.ca/fr/p/8808677/short-de-surf-garcon-bleu-cyan,https://contents.mediadecathlon.com/p2612417/k$6f2b0a2e7313f4d3c255610adc2eb6bb/short-de-surf-garcon-bleu-cyan.jpg?format=auto&f=3840x0,8.0,4.0,4.0,50.0
Olaian,Haut de maillot de bain triangle coulissant femme - Mae noir,https://www.decathlon.ca/fr/p/8653085/haut-de-maillot-de-bain-triangle-coulissant-femme-mae-noir,https://contents.mediadecathlon.com/p1783819/k$0c6e99bced04a3ebd2b64e998d278632/haut-de-maillot-de-bain-triangle-coulissant-femme-mae-noir.jpg?format=auto&f=3840x0,8.0,4.0,4.0,50.0
Domyos,Camisole de gymnastique – Filles,https://www.decathlon.ca/fr/p/8664447/camisole-de-gymnastique-filles,https://www.decathlon.ca/images/product-image-placeholder.jpg?f=3840x0&format=auto,8.0,4.0,4.0,50.0
Caperlan,Plombs pour pêche de la carpe x2 70 g - Distance,https://www.decathlon.ca/fr/p/8559422/plombs-pour-peche-de-la-carpe-x2-70-g-distance,https://contents.mediadecathlon.com/p2908375/k$3cba20206d1c9b774776ed9bd8a28608/plombs-pour-peche-de-la-carpe-x2-70-g-distance.jpg?format=auto&f=3840x0,8.0,4.0,4.0,50.0
Nabaiji,Maillot de bain bébé boxer bleu,https://www.decathlon.ca/fr/p/8575097/maillot-de-bain-bebe-boxer-bleu,https://contents.mediadecathlon.com/p1746304/k$ecd8230205a251ebaf73ab15266fe9ab/maillot-de-bain-bebe-boxer-bleu.jpg?format=auto&f=3840x0,6.0,3.0,3.0,50.0
Oxelo,Coque pour trottinette 3 roues - B1,https://www.decathlon.ca/fr/p/8644087/coque-jaune-pour-trottinette3-rouesb1,https://contents.mediadecathlon.com/p2085648/k$e631db0a9d9b42299a01962f4e91fc70/coque-jaune-pour-trottinette3-rouesb1.jpg?format=auto&f=3840x0,6.0,3.0,3.0,50.0
Caperlan,Hameçons pêche de la Truite SN HOOK double barb,https://www.decathlon.ca/fr/p/8558259/hamecons-peche-de-la-truite-sn-hook-double-barb,https://contents.mediadecathlon.com/p1823804/k$af3a66815666490774b5ea3e34224f09/hamecons-peche-de-la-truite-sn-hook-double-barb.jpg?format=auto&f=3840x0,6.0,3.0,3.0,50.0
Geologic,Ensemble de 4 clous à blason de tir à l'arc,https://www.decathlon.ca/fr/p/8402133/ensemble-de-4clous-a-blason-de-tir-a-l-arc,https://contents.mediadecathlon.com/p1529232/k$ece99a8beafdbe28fb0376e6a0a5554d/ensemble-de-4clous-a-blason-de-tir-a-l-arc.jpg?format=auto&f=3840x0,4.0,2.0,2.0,50.0
Geologic,Repose-flèche pour gaucher,https://www.decathlon.ca/fr/p/8336929/repose-fleche-pour-gaucher,https://contents.mediadecathlon.com/p755429/k$4e3ba3e446a14bbd06f76a3d4596e030/repose-fleche-pour-gaucher.jpg?format=auto&f=3840x0,3.0,1.5,1.5,50.0
Quechua,Bottes d'hiver femme – SH 500,https://www.decathlon.ca/fr/p/8344574/bottes-de-randonnee-d-hiver-femmes-sh520-x-warm-noir,https://contents.mediadecathlon.com/p2579438/k$727137eedada99a63e9b5eec0c7e2985/bottes-de-randonnee-d-hiver-femmes-sh520-x-warm-noir.jpg?format=auto&f=3840x0,105.0,53.0,52.0,49.52
Fouganza,Legging d'équitation chaud avec basane en silicone femme,https://www.decathlon.ca/fr/p/8789475/legging-d-equitation-chaud-femme-500-vert,https://contents.mediadecathlon.com/p2510019/k$7a95b63c6f4c0fdd9eda514a73fd4cc3/legging-d-equitation-chaud-femme-500-vert.jpg?format=auto&f=3840x0,50.0,26.0,24.0,48.0
Kipsta,Chaussures de soccer à bande autoagrippante enfant – Viralto I Easy FG,https://www.decathlon.ca/fr/p/8844020/chaussures-de-soccer-enfant-viralto-i-easy-fg,https://contents.mediadecathlon.com/p2583387/k$ec4f4d02e69550052a581104503cbaa2/chaussures-de-soccer-enfant-viralto-i-easy-fg.jpg?format=auto&f=3840x0,38.1,20.0,18.1,47.51
Inesis,CHAUSSURES GOLF FEMME GRIP DRY MARINE,https://www.decathlon.ca/fr/p/8512051/chaussures-golf-femme-grip-dry-marine,https://contents.mediadecathlon.com/p1642773/k$0992c54a9f939802eb3f66d317500362/chaussures-golf-femme-grip-dry-marine.jpg?format=auto&f=3840x0,75.0,40.0,35.0,46.67
Olaian,Legging de surf anti-UV enfant – 500,https://www.decathlon.ca/fr/p/8604263/legging-de-surf-anti-uv-enfant-500,https://contents.mediadecathlon.com/p2225376/k$2c81cf2f5c9e59fa2d5737efccd13de8/legging-de-surf-anti-uv-enfant-500.jpg?format=auto&f=3840x0,15.0,8.0,7.0,46.67
Quechua,Jupe short enfant – MH 100 bleu marine,https://www.decathlon.ca/fr/p/8525829/jupe-short-enfant-mh100-bleu-marine,https://contents.mediadecathlon.com/p1760686/k$726eb74dee02ee628a3b6a0f96af61f4/jupe-short-enfant-mh100-bleu-marine.jpg?format=auto&f=3840x0,15.0,8.0,7.0,46.67
Simond,Legging de randonnée femme – Travel 500,https://www.decathlon.ca/fr/p/8642109/legging-femme-travel500-noir,https://contents.mediadecathlon.com/p2511281/k$32f8897c975f7eecc947821650d9232f/legging-femme-travel500-noir.jpg?format=auto&f=3840x0,55.0,30.0,25.0,45.45
Olaian,Sandales de plage femme – 550,https://www.decathlon.ca/fr/p/8920150/sandales-de-plage-femme-550,https://contents.mediadecathlon.com/p2840676/k$7cd7fb549ea55551d075ea41d7ff7b0a/sandales-de-plage-femme-550.jpg?format=auto&f=3840x0,22.0,12.0,10.0,45.45
Domyos,"Short de sport respirant avec poches zippées homme, 120",https://www.decathlon.ca/fr/p/8912886/short-de-sport-avec-poches-zippees-homme,https://contents.mediadecathlon.com/p2826703/k$8a0db92fc9781bcda718d94fc55cd873/short-de-sport-avec-poches-zippees-homme.jpg?format=auto&f=3840x0,18.0,10.0,8.0,44.44
Domyos,"Short de sport respirant avec poches zippées homme, 120",https://www.decathlon.ca/fr/p/8912885/short-de-sport-avec-poches-zippees-homme,https://contents.mediadecathlon.com/p2826716/k$7788f47095f323262f12084d1cfd8213/short-de-sport-avec-poches-zippees-homme.jpg?format=auto&f=3840x0,18.0,10.0,8.0,44.44
Domyos,"Short de sport respirant avec poches zippées homme, 120",https://www.decathlon.ca/fr/p/8912890/short-de-sport-avec-poches-zippees-homme,https://contents.mediadecathlon.com/p2826713/k$90a81be0c6c34044ff3a85c4825df4bd/short-de-sport-avec-poches-zippees-homme.jpg?format=auto&f=3840x0,18.0,10.0,8.0,44.44
Olaian,Bas de maillot de bain de surf à taille haute femme – Rosa,https://www.decathlon.ca/fr/p/8919735/bas-de-maillot-de-bain-de-surf-a-taille-haute-femme-rosa,https://contents.mediadecathlon.com/p2805812/k$1e0f63cf9db57576d1e4bba53b628837/bas-de-maillot-de-bain-de-surf-a-taille-haute-femme-rosa.jpg?format=auto&f=3840x0,25.0,14.0,11.0,44.0
Olaian,Planche de surf en mousse 7' enfant - SURF 100 bleu,https://www.decathlon.ca/fr/p/8385418/planche-de-surf-en-mousse-7-enfant-surf-100-bleu,https://contents.mediadecathlon.com/p1313419/k$be6c6d0b4d300f90127588ef389f4ed5/planche-de-surf-en-mousse-7-enfant-surf-100-bleu.jpg?format=auto&f=3840x0,230.0,130.0,100.0,43.48
Domyos,Legging à taille haute sans coutures femme - FTI 900 Muscle,https://www.decathlon.ca/fr/p/8872136/legging-a-taille-haute-sans-coutures-femme-fti-900-muscle,https://contents.mediadecathlon.com/p2731505/k$d984f23e9f06200c11ad85afcf356d84/legging-a-taille-haute-sans-coutures-femme-fti-900-muscle.jpg?format=auto&f=3840x0,35.0,20.0,15.0,42.86
Van Rysel,"Gants de vélo chauds, 500",https://www.decathlon.ca/fr/p/8530326/gants-de-velo500-hommes,https://contents.mediadecathlon.com/p2578969/k$0faa1729a8488672af85ab840425717c/gants-de-velo500-hommes.jpg?format=auto&f=3840x0,35.0,20.0,15.0,42.86
Decathlon,Chaussures de sport enfant – Playful Fast,https://www.decathlon.ca/fr/p/8807333/chaussures-de-sport-enfant-playful-fast,https://contents.mediadecathlon.com/p2712290/k$901233f2af727f356f4df4b3f1a73e29/chaussures-de-sport-enfant-playful-fast.jpg?format=auto&f=3840x0,35.0,20.0,15.0,42.86
Domyos,Legging à taille haute femme – FTI 120,https://www.decathlon.ca/fr/p/8927988/legging-a-taille-haute-femme-fti-120,https://contents.mediadecathlon.com/p2833475/k$b0959f59e0ae29bbbf1f72e575827cea/legging-a-taille-haute-femme-fti-120.jpg?format=auto&f=3840x0,35.0,20.0,15.0,42.86
Solognac,Veste en polaire de chasse homme – 500,https://www.decathlon.ca/fr/p/8644256/polaire-de-chasse-recyclee-500-marron,https://contents.mediadecathlon.com/p2490782/k$c5f31322fa379408ab903b2c265defc1/polaire-de-chasse-recyclee-500-marron.jpg?format=auto&f=3840x0,35.0,20.0,15.0,42.86
Domyos,Short double enfant – W 500,https://www.decathlon.ca/fr/p/8912983/short-double-enfant-w500,https://contents.mediadecathlon.com/p2795663/k$d7fcacadd8eb56e93bc6970df491da9a/short-double-enfant-w500.jpg?format=auto&f=3840x0,14.0,8.0,6.0,42.86
Decathlon,Short de sport respirant enfant – W 500,https://www.decathlon.ca/fr/p/8912934/short-de-sport-respirant-enfant-w500,https://contents.mediadecathlon.com/p2807410/k$0f9f74e67107212119bceeb3b7a1decd/short-de-sport-respirant-enfant-w500.jpg?format=auto&f=3840x0,14.0,8.0,6.0,42.86
Domyos,Short de sport léger femme,https://www.decathlon.ca/fr/p/8912839/short-de-sport-leger-femme,https://contents.mediadecathlon.com/p2828356/k$6ba960e2a9ca297b309e68f91ca23b6a/short-de-sport-leger-femme.jpg?format=auto&f=3840x0,14.0,8.0,6.0,42.86
Kiprun,Chaussures de course avec plaque de carbone femme – KD 900X LD,https://www.decathlon.ca/fr/p/8801428/chaussures-de-course-femme-kd900xld,https://contents.mediadecathlon.com/p2600009/k$378cc4f20cc65b219b671165aad73e63/chaussures-de-course-femme-kd900xld.jpg?format=auto&f=3840x0,240.0,140.0,100.0,41.67
Nabaiji,Short De Bain Imprimé Fleurs - Bébés/Enfants,https://www.decathlon.ca/fr/p/8647842/short-de-bain-imprime-fleurs-bebes-enfants,https://contents.mediadecathlon.com/p2231487/k$6e259df2a2a0dbe29949663c1eef6b9a/short-de-bain-imprime-fleurs-bebes-enfants.jpg?format=auto&f=3840x0,12.0,7.0,5.0,41.67
Domyos,Legging taille haute enfant – S 500,https://www.decathlon.ca/fr/p/8881405/legging-taille-haute-enfant-s500,https://contents.mediadecathlon.com/p2623844/k$fbe3c6cdcf78b518d0e70c5af71423e9/legging-taille-haute-enfant-s500.jpg?format=auto&f=3840x0,17.14,10.0,7.140000000000001,41.66
Kalenji,Chaussures de course sur route Confort – Femmes,https://www.decathlon.ca/fr/p/8569188/chaussures-de-course-sur-route-confort-femmes,https://contents.mediadecathlon.com/p2175413/k$7df3922caed038564c98081f76a983dc/chaussures-de-course-sur-route-confort-femmes.jpg?format=auto&f=3840x0,85.0,50.0,35.0,41.18
Oxelo,Trottinette R 100,https://www.decathlon.ca/fr/p/8575719/trottinette-r-100,https://contents.mediadecathlon.com/p2669927/k$b03b4f83f015f18b3e75f1470b6048ca/trottinette-r-100.jpg?format=auto&f=3840x0,100.0,60.0,40.0,40.0
Fouganza,Sangle d'équitation en cuir pour cheval et poney - Romeo marron,https://www.decathlon.ca/fr/p/8139663/sangle-d-equitation-en-cuir-pour-cheval-et-poney-romeo-marron,https://contents.mediadecathlon.com/p836955/k$4fdde9decc0a7311e4cead1568c35043/sangle-d-equitation-en-cuir-pour-cheval-et-poney-romeo-marron.jpg?format=auto&f=3840x0,75.0,45.0,30.0,40.0
Fouganza,Pantalon d’équitation 500 – Hommes,https://www.decathlon.ca/fr/p/8562335/pantalon-dequitation500-hommes,https://contents.mediadecathlon.com/p2273637/k$f2debe0d54445d2e4868ad17801a9078/pantalon-dequitation500-hommes.jpg?format=auto&f=3840x0,55.0,33.0,22.0,40.0
Rockrider,Maillot de vélo de montagne respirant à manches longues,https://www.decathlon.ca/fr/p/8677531/chandail-de-velo-de-montagne-respirant-a-manches-longues,https://contents.mediadecathlon.com/p2723307/k$43bb9b40eb593bdf443f1c0638c34dc5/chandail-de-velo-de-montagne-respirant-a-manches-longues.jpg?format=auto&f=3840x0,50.0,30.0,20.0,40.0
Kiprun,Pantalon de course chaud femme Run 500,https://www.decathlon.ca/fr/p/8882252/pantalon-de-course-chaud-femme-run-500,https://contents.mediadecathlon.com/p2711103/k$392b9c62ce11fe4ce1bce731cfeada31/pantalon-de-course-chaud-femme-run-500.jpg?format=auto&f=3840x0,50.0,30.0,20.0,40.0
Quechua,Veste de randonnée en polaire à capuchon homme – NH 100,https://www.decathlon.ca/fr/p/8522502/chandail-de-randonnee-en-nature-nh100-hybride-hommes,https://contents.mediadecathlon.com/p2718238/k$6a2362a6fcd0de345bd0976fc2f5698a/chandail-de-randonnee-en-nature-nh100-hybride-hommes.jpg?format=auto&f=3840x0,40.0,24.0,16.0,40.0
Fouganza,Pantalon d'équitation basanes enfant - 140 marron,https://www.decathlon.ca/fr/p/8831368/pantalon-d-equitation-basanes-enfant-140marron,https://contents.mediadecathlon.com/p2267506/k$062a2b72a0b76a01a917047955301ce0/pantalon-d-equitation-basanes-enfant-140marron.jpg?format=auto&f=3840x0,30.0,18.0,12.0,40.0
Fouganza,Pantalon d'équitation enfant,https://www.decathlon.ca/fr/p/8874200/pantalon-d-equitation-enfant,https://contents.mediadecathlon.com/p2915752/k$b3af2fdfb2c788b3cffe2ee46e742c33/pantalon-d-equitation-enfant.jpg?format=auto&f=3840x0,30.0,18.0,12.0,40.0
Fouganza,Pantalon d'équitation basanes enfant - 140 bleu,https://www.decathlon.ca/fr/p/8831367/pantalon-d-equitation-basanes-enfant-140bleu,https://contents.mediadecathlon.com/p2267499/k$5af4b275a83ffd143cbec78ba575dead/pantalon-d-equitation-basanes-enfant-140bleu.jpg?format=auto&f=3840x0,30.0,18.0,12.0,40.0
Van Rysel,Cuissard de vélo de route femme – Discover,https://www.decathlon.ca/fr/p/8667970/cuissard-de-velo-pour-femmes-rc500-bleu-marine-et-lavande,https://contents.mediadecathlon.com/p2705018/k$200acfffeee6cce47e1f5b23db19e097/cuissard-de-velo-pour-femmes-rc500-bleu-marine-et-lavande.jpg?format=auto&f=3840x0,30.0,18.0,12.0,40.0
Quechua,Couverture – 170 x 140 cm,https://www.decathlon.ca/fr/p/8789851/couverture-de-pique-nique-500-bleu,https://contents.mediadecathlon.com/p2606892/k$57f4e46c22980d491c3934acc18523d3/couverture-de-pique-nique-500-bleu.jpg?format=auto&f=3840x0,25.0,15.0,10.0,40.0
Wedze,"Couche de base de ski chaude et respirante femme, BL 500 Haut",https://www.decathlon.ca/fr/p/8872365/couche-de-base-de-ski-chaude-et-respirante-haut-femme-bl-500,https://contents.mediadecathlon.com/p2708331/k$3634ed1eb007806cc344edd580111214/couche-de-base-de-ski-chaude-et-respirante-haut-femme-bl-500.jpg?format=auto&f=3840x0,25.0,15.0,10.0,40.0
Quechua,Sac de couchage ajustable enfant – MH 100 20°C,https://www.decathlon.ca/fr/p/8804138/sac-de-couchage-enfant-mh100,https://contents.mediadecathlon.com/p2606514/k$39ab5900f1d8eb084fa5feb06fa85286/sac-de-couchage-enfant-mh100.jpg?format=auto&f=3840x0,25.0,15.0,10.0,40.0
Kiprun,Casquette de course ultralégère,https://www.decathlon.ca/fr/p/8912559/casquette-de-course-ultralegere,https://contents.mediadecathlon.com/p2788245/k$bceebdee210cfe187cd6865560a6c958/casquette-de-course-ultralegere.jpg?format=auto&f=3840x0,25.0,15.0,10.0,40.0
Wedze,"Tuque à pompon, Grand Nord FR 500",https://www.decathlon.ca/fr/p/8801103/tuque-de-ski-grand-nord-rose,https://contents.mediadecathlon.com/p2579150/k$9f8229c647d90709f96902489f900409/tuque-de-ski-grand-nord-rose.jpg?format=auto&f=3840x0,25.0,15.0,10.0,40.0
Domyos,"Short à taille haute avec camo femme, FST 900",https://www.decathlon.ca/fr/p/8913375/short-a-taille-haute-avec-camo-femme-fst-900,https://contents.mediadecathlon.com/p2833866/k$b2ecf4d2661e904d6b5b0162ba223d50/short-a-taille-haute-avec-camo-femme-fst-900.jpg?format=auto&f=3840x0,25.0,15.0,10.0,40.0
Quechua,Short de randonnée enfant - MH 500 bleu marine,https://www.decathlon.ca/fr/p/8569531/short-de-randonnee-enfant-mh500-bleu-marine,https://contents.mediadecathlon.com/p1760555/k$f9a755bcfd3b961cf2de1e09d57f51d6/short-de-randonnee-enfant-mh500-bleu-marine.jpg?format=auto&f=3840x0,25.0,15.0,10.0,40.0
Caperlan,Tresse de pêche pour leurre à carnassier 4 brins – TX4 kaki,https://www.decathlon.ca/fr/p/8933473/tresse-de-peche-pour-leurre-a-carnassier-4brins-tx4-kaki,https://contents.mediadecathlon.com/p2862329/k$b67a5172d649fb0be7a2686f0eae9379/tresse-de-peche-pour-leurre-a-carnassier-4brins-tx4-kaki.jpg?format=auto&f=3840x0,25.0,15.0,10.0,40.0
Van Rysel,JAMBIÈRES TEMPS FRAIS,https://www.decathlon.ca/fr/p/8517197/jambieres-temps-frais,https://contents.mediadecathlon.com/p2993358/k$b3df07b7790f9ed9826acca930652dc2/jambieres-temps-frais.jpg?format=auto&f=3840x0,25.0,15.0,10.0,40.0
Kiprun,Casquette de course ultralégère,https://www.decathlon.ca/fr/p/8871360/casquette-de-course-ultralegere,https://contents.mediadecathlon.com/p2788231/k$bd2fec614bf8850bd05cceaf1df673b7/casquette-de-course-ultralegere.jpg?format=auto&f=3840x0,25.0,15.0,10.0,40.0
Domyos,"Short à taille haute avec camo femme, FST 900",https://www.decathlon.ca/fr/p/8913374/short-a-taille-haute-avec-camo-femme-fst-900,https://contents.mediadecathlon.com/p2833860/k$6b437681461e748ebe1df956494e289f/short-a-taille-haute-avec-camo-femme-fst-900.jpg?format=auto&f=3840x0,25.0,15.0,10.0,40.0
Domyos,Short de sport regular homme - bleu marine,https://www.decathlon.ca/fr/p/8873601/short-de-sport-regular-homme-bleu-marine,https://contents.mediadecathlon.com/p2864260/k$64830656d909295f8d9df92f7462ff91/short-de-sport-regular-homme-bleu-marine.jpg?format=auto&f=3840x0,25.0,15.0,10.0,40.0
Btwin,Manche d'appoint de vélo,https://www.decathlon.ca/fr/p/8573301/manche-d-appoint-de-velo,https://contents.mediadecathlon.com/p2008590/k$9e32e2f42bb74ec68cb7857997d46190/manche-d-appoint-de-velo.jpg?format=auto&f=3840x0,25.0,15.0,10.0,40.0
Oroks,"Bâton de hockey enfant, IH 140",https://www.decathlon.ca/fr/p/8401480/baton-de-hockey-ih-140-enfant,https://contents.mediadecathlon.com/p1240347/k$b48737afb3fc2015f2eeb39c9b724a7c/baton-de-hockey-ih-140-enfant.jpg?format=auto&f=3840x0,25.0,15.0,10.0,40.0
Domyos,Short d’entraînement 2 en 1 femme – FST 520,https://www.decathlon.ca/fr/p/8841929/short2en1femme-520,https://contents.mediadecathlon.com/p2629270/k$6a0dc90ab99711cbbff727df5eb66ec4/short2en1femme-520.jpg?format=auto&f=3840x0,25.0,15.0,10.0,40.0
Oxelo,4 Roues de Roller en Ligne 80 mm 86A,https://www.decathlon.ca/fr/p/8540203/4-roues-de-roller-en-ligne-80mm86a,https://contents.mediadecathlon.com/p1816585/k$d83e94065873db2fac29cd601d2e8eee/4-roues-de-roller-en-ligne-80mm86a.jpg?format=auto&f=3840x0,25.0,15.0,10.0,40.0
Kalenji,"Chandail de course à manches longues et demi-zip homme, Run 100",https://www.decathlon.ca/fr/p/8645563/t-shirt-de-course-a-pied-hommes,https://contents.mediadecathlon.com/p2607080/k$9129f669f6f58219875f7a36b2a12d23/t-shirt-de-course-a-pied-hommes.jpg?format=auto&f=3840x0,20.0,12.0,8.0,40.0
Decathlon,Repose chaîne de vélo,https://www.decathlon.ca/fr/p/8579369/repose-chaine-de-velo,https://www.decathlon.ca/images/product-image-placeholder.jpg?f=3840x0&format=auto,20.0,12.0,8.0,40.0
Olaian,Sandales de plage homme – 500,https://www.decathlon.ca/fr/p/8919280/sandales-de-plage-homme-500,https://contents.mediadecathlon.com/p2829937/k$1bd99e875edcdd1271ecabd1d76ff5be/sandales-de-plage-homme-500.jpg?format=auto&f=3840x0,20.0,12.0,8.0,40.0
Inesis,"Polo de golf en coton à manches courtes homme, MW 500",https://www.decathlon.ca/fr/p/8732675/polo-de-golf-homme-mw500-kaki,https://contents.mediadecathlon.com/p2738417/k$ea384bbbeef31dc282f0f15afe53b3f0/polo-de-golf-homme-mw500-kaki.jpg?format=auto&f=3840x0,20.0,12.0,8.0,40.0
Domyos,Collant de gymnastique artistique 500 – Femmes,https://www.decathlon.ca/fr/p/8561221/collant-de-gymnastique-artistique500-femmes,https://contents.mediadecathlon.com/p2412439/k$693906b421c219bbbe097441d7a10474/collant-de-gymnastique-artistique500-femmes.jpg?format=auto&f=3840x0,20.0,12.0,8.0,40.0
Olaian,Sandales de plage enfant – 500,https://www.decathlon.ca/fr/p/8920172/sandales-de-plage-enfant-500,https://contents.mediadecathlon.com/p2829930/k$0795e2e67808b73793b7265fd015353e/sandales-de-plage-enfant-500.jpg?format=auto&f=3840x0,15.0,9.0,6.0,40.0
Olaian,Sandales de plage enfant – 500,https://www.decathlon.ca/fr/p/8920170/sandales-de-plage-enfant-500,https://contents.mediadecathlon.com/p2829907/k$3ddb5e6691dd9c507ba205d1ad902635/sandales-de-plage-enfant-500.jpg?format=auto&f=3840x0,15.0,9.0,6.0,40.0
Solognac,Chasuble de chasse enfant - orange fluo,https://www.decathlon.ca/fr/p/8366307/dossard-de-chasse-enfants,https://contents.mediadecathlon.com/p2476927/k$8f1ca6382a0d2a79753c72588f865e93/dossard-de-chasse-enfants.jpg?format=auto&f=3840x0,10.0,6.0,4.0,40.0
Oxelo,Panier pour trottinette à trois roues BB 100,https://www.decathlon.ca/fr/p/8645465/panier-pour-trottinette-a-trois-roues-bb100,https://www.decathlon.ca/images/product-image-placeholder.jpg?f=3840x0&format=auto,10.0,6.0,4.0,40.0
Btwin,Serre-pantalon de vélo à ruban autoagrippant réflechissant,https://www.decathlon.ca/fr/p/8640618/serre-pantalon-de-velo540,https://contents.mediadecathlon.com/p2083083/k$50b24e0d626c2b7718ca7f7cc2b13926/serre-pantalon-de-velo540.jpg?format=auto&f=3840x0,10.0,6.0,4.0,40.0
Kipsta,Ballon de plage taille 3 – BV 100 Fun,https://www.decathlon.ca/fr/p/8818122/ballon-de-plage-taille3-bv100-fun,https://contents.mediadecathlon.com/p2637149/k$f20ac6c287a9a265fcb3ea0ce38b66e5/ballon-de-plage-taille3-bv100-fun.jpg?format=auto&f=3840x0,5.0,3.0,2.0,40.0
Caperlan,PLOMBS DE PÊCHE COULISSANT SW LAR SDR,https://www.decathlon.ca/fr/p/8559784/plombs-de-peche-coulissant-sw-lar-sdr,https://contents.mediadecathlon.com/p1828822/k$c41fbfcb3f06ce38a6ad06d3bd70d100/plombs-de-peche-coulissant-sw-lar-sdr.jpg?format=auto&f=3840x0,5.0,3.0,2.0,40.0
