name,url,image,sku,price_original,price_sale,saving_amount,saving_pct,qty,availability,availability_link
"Vanité 6 tiroirs MODERN 48 po X 19 po, blanc",https://patrickmorin.com/fr/vanite-6-tiroirs-modern-48-po-x-19-po-blanc-2906576,https://patrickmorin.com/media/catalog/product/m/o/modern-vanity-6-drawers-48-in-x-19-in-white-1-2906576-fr.jpg,2906576,499.99,125.0,374.99,75.0,14,Livraison disponible,https://patrickmorin.com/fr/vanite-6-tiroirs-modern-48-po-x-19-po-blanc-2906576?view-availability=1
"Vanité 6 tiroirs MODERN 48 po X 19 po, fini bois gris",https://patrickmorin.com/fr/vanite-6-tiroirs-modern-48-po-x-19-po-fini-bois-gris-2906580,https://patrickmorin.com/media/catalog/product/m/o/modern-vanity-6-drawers-48-in-x-19-in-oak-gryy-1-2906580-fr.jpg,2906580,499.99,125.0,374.99,75.0,12,Livraison disponible,https://patrickmorin.com/fr/vanite-6-tiroirs-modern-48-po-x-19-po-fini-bois-gris-2906580?view-availability=1
"Ensemble de conversation COSTA, 4 morceaux, noir",https://patrickmorin.com/fr/ensemble-de-conversation-costa-4-morceaux-noir-2814170,https://patrickmorin.com/media/catalog/product/1/-/1-2814170-fr.jpg,2814170,549.99,274.99,275.0,50.0,2,Livraison disponible,https://patrickmorin.com/fr/ensemble-de-conversation-costa-4-morceaux-noir-2814170?view-availability=1
Ensemble de planche à pagaie autogonflable OCEANA avec pompe intégrée,https://patrickmorin.com/fr/ensemble-de-planche-a-pagaie-autogonflable-oceana-avec-pompe-integree-0124107,https://patrickmorin.com/media/catalog/product/1/-/1-0124107-fr.jpg,0124107,449.99,224.99,225.0,50.0,8,Livraison disponible,https://patrickmorin.com/fr/ensemble-de-planche-a-pagaie-autogonflable-oceana-avec-pompe-integree-0124107?view-availability=1
"Vanité 3 tiroirs MODERN 24 po X 19 po, blanc",https://patrickmorin.com/fr/vanite-3-tiroirs-modern-24-po-x-19-po-blanc-2906573,https://patrickmorin.com/media/catalog/product/m/o/modern-vanity-3-drawers-24-in-x-19-in-white-1-2906573-fr.jpg,2906573,269.99,67.5,202.49,75.0,10,Livraison disponible,https://patrickmorin.com/fr/vanite-3-tiroirs-modern-24-po-x-19-po-blanc-2906573?view-availability=1
"Trampoline OASIS, 8 pi.",https://patrickmorin.com/fr/trampoline-oasis-8-pi-2813954,https://patrickmorin.com/media/catalog/product/8/-/8-ft-trampoline-oasis-1-2813954-fr.jpg,2813954,379.99,189.99,190.0,50.0,5,Livraison disponible,https://patrickmorin.com/fr/trampoline-oasis-8-pi-2813954?view-availability=1
"Matelas queen TUPELO, 8 po",https://patrickmorin.com/fr/matelas-queen-tupelo-8-po-2827823,https://patrickmorin.com/media/catalog/product/1/-/1-2827823-fr.jpg,2827823,349.99,174.99,175.0,50.0,16,Livraison disponible,https://patrickmorin.com/fr/matelas-queen-tupelo-8-po-2827823?view-availability=1
"Luminaire suspendu à DEL, CAMILLE, 3 lumières,",https://patrickmorin.com/fr/luminaire-suspendu-a-del-camille-3-lumieres-0511774,https://patrickmorin.com/media/catalog/product/c/a/camille-led-pendant-3-lights-1-0511774-fr.jpg,0511774,219.99,54.99,165.0,75.0,3,Livraison disponible,https://patrickmorin.com/fr/luminaire-suspendu-a-del-camille-3-lumieres-0511774?view-availability=1
"Vanité avec vasque KANAS, 2 portes, 30 po, blanc",https://patrickmorin.com/fr/vanite-avec-vasque-kanas-2-portes-30-po-blanc-2906668,https://patrickmorin.com/media/catalog/product/1/-/1-2906668-fr.jpg,2906668,299.99,149.99,150.0,50.0,2,Livraison disponible,https://patrickmorin.com/fr/vanite-avec-vasque-kanas-2-portes-30-po-blanc-2906668?view-availability=1
Haute armoire de rangement MARINA,https://patrickmorin.com/fr/haute-armoire-de-rangement-marina-2814082,https://patrickmorin.com/media/catalog/product/1/-/1-2814082-fr.jpg,2814082,599.99,449.99,150.0,25.0,1,Livraison disponible,https://patrickmorin.com/fr/haute-armoire-de-rangement-marina-2814082?view-availability=1
"Vanité AMERICA, 30 po, Roble Costa",https://patrickmorin.com/fr/vanite-america-30-po-roble-costa-0411315,https://patrickmorin.com/media/catalog/product/1/-/1-0411315-fr.jpg,0411315,599.99,449.99,150.0,25.0,1,Livraison disponible,https://patrickmorin.com/fr/vanite-america-30-po-roble-costa-0411315?view-availability=1
"Abri compacte pour camping, 12 pi x 12 pi",https://patrickmorin.com/fr/abri-compacte-pour-camping-12-pi-x-12-pi-2813970,https://patrickmorin.com/media/catalog/product/k/i/kitchen-shelter-for-camping-12-ft-x-12-ft-grey-and-charcoal-1-2813970-fr.jpg,2813970,279.99,139.99,140.0,50.0,5,Livraison disponible,https://patrickmorin.com/fr/abri-compacte-pour-camping-12-pi-x-12-pi-2813970?view-availability=1
"Vanité avec vasque KANAS, 2 portes, 24 po, blanc",https://patrickmorin.com/fr/vanite-avec-vasque-kanas-2-portes-24-po-blanc-2906667,https://patrickmorin.com/media/catalog/product/1/-/1-2906667-fr.jpg,2906667,269.99,134.99,135.0,50.0,7,Livraison disponible,https://patrickmorin.com/fr/vanite-avec-vasque-kanas-2-portes-24-po-blanc-2906667?view-availability=1
"Matelas simple TUPELO, 8 po",https://patrickmorin.com/fr/matelas-simple-tupelo-8-po-2827822,https://patrickmorin.com/media/catalog/product/1/-/1-2827822-fr.jpg,2827822,249.99,124.99,125.0,50.0,10,Livraison disponible,https://patrickmorin.com/fr/matelas-simple-tupelo-8-po-2827822?view-availability=1
"Vanité AMERICA, 24 po, Roble Costa",https://patrickmorin.com/fr/vanite-america-24-po-roble-costa-0411314,https://patrickmorin.com/media/catalog/product/1/-/1-0411314-fr.jpg,0411314,499.99,374.99,125.0,25.0,1,Livraison disponible,https://patrickmorin.com/fr/vanite-america-24-po-roble-costa-0411314?view-availability=1
"Foyer extérieur sans fumée SORRENTO, 20,5 po x 20,5 po",https://patrickmorin.com/fr/foyer-exterieur-sans-fumee-sorrento-20-5-po-x-20-5-po-0178252,https://patrickmorin.com/media/catalog/product/1/-/1-0178252-fr.jpg,0178252,229.99,114.99,115.0,50.0,3,Livraison disponible,https://patrickmorin.com/fr/foyer-exterieur-sans-fumee-sorrento-20-5-po-x-20-5-po-0178252?view-availability=1
"Armoire garde-manger MYRO avec meuble micro-ondes, imitation marbre blanc et blanc",https://patrickmorin.com/fr/armoire-garde-manger-myro-avec-meuble-micro-ondes-imitation-marbre-blanc-et-blanc-2909003,https://patrickmorin.com/media/catalog/product/1/-/1-2909003-fr.jpg,2909003,449.99,337.49,112.5,25.0,3,Livraison disponible,https://patrickmorin.com/fr/armoire-garde-manger-myro-avec-meuble-micro-ondes-imitation-marbre-blanc-et-blanc-2909003?view-availability=1
Panneau de verre latéral 32 po,https://patrickmorin.com/fr/panneau-de-verre-lateral-32-po-0579047,https://patrickmorin.com/media/catalog/product/s/i/side-glass-panel-de-verre-lateral-32-po-1-0579047-fr.jpg,0579047,209.99,104.99,105.0,50.0,1,Livraison disponible,https://patrickmorin.com/fr/panneau-de-verre-lateral-32-po-0579047?view-availability=1
"Table carrée PASADENA, 36 po x 36 po",https://patrickmorin.com/fr/table-carree-pasadena-36-po-x-36-po-2814186,https://patrickmorin.com/media/catalog/product/1/-/1-2814186-fr.jpg,2814186,199.99,99.99,100.0,50.0,3,Livraison disponible,https://patrickmorin.com/fr/table-carree-pasadena-36-po-x-36-po-2814186?view-availability=1
"Chaise d'appoint MALTA, cognac",https://patrickmorin.com/fr/chaise-d-appoint-malta-cognac-2814140,https://patrickmorin.com/media/catalog/product/1/-/1-2814140-fr.jpg,2814140,199.99,99.99,100.0,50.0,19,Livraison disponible,https://patrickmorin.com/fr/chaise-d-appoint-malta-cognac-2814140?view-availability=1
"Wagon pliant THOMAS, 20 po x 20 po x 49 po",https://patrickmorin.com/fr/wagon-pliant-thomas-20-po-x-20-po-x-49-po-2814021,https://patrickmorin.com/media/catalog/product/t/h/thomas-folding-wagon-1-2814021-fr.jpg,2814021,179.99,89.99,90.0,50.0,3,Livraison disponible,https://patrickmorin.com/fr/wagon-pliant-thomas-20-po-x-20-po-x-49-po-2814021?view-availability=1
Siège de toilette allongé avec fonction bidet,https://patrickmorin.com/fr/siege-de-toilette-allonge-avec-fonction-bidet-2906571,https://patrickmorin.com/media/catalog/product/e/l/elongated-seat-with-bidet-function-1-2906571-fr.jpg,2906571,349.99,262.49,87.5,25.0,1,Livraison disponible,https://patrickmorin.com/fr/siege-de-toilette-allonge-avec-fonction-bidet-2906571?view-availability=1
"Glacière de patio à DEL avec haut-parleur VEGAS, 12 po X 18 po X 12 po",https://patrickmorin.com/fr/glaciere-de-patio-a-del-avec-haut-parleur-vegas-12-po-x-18-po-x-12-po-2814053,https://patrickmorin.com/media/catalog/product/v/e/vegas-led-solar-lantern-1-2814053-fr.jpg,2814053,169.99,84.99,85.0,50.0,2,Livraison disponible,https://patrickmorin.com/fr/glaciere-de-patio-a-del-avec-haut-parleur-vegas-12-po-x-18-po-x-12-po-2814053?view-availability=1
"Tente INSTA-TENT, 4 personnes, NORTH 49, 83 po x 94 po x 43 po",https://patrickmorin.com/fr/tente-insta-tent-4-personnes-north-49-83-po-x-94-po-x-43-po-0313759,https://patrickmorin.com/media/catalog/product/i/n/insta-tent-4-green-and-grey-1-0313759-fr.jpg,0313759,149.99,74.99,75.0,50.0,2,Livraison disponible,https://patrickmorin.com/fr/tente-insta-tent-4-personnes-north-49-83-po-x-94-po-x-43-po-0313759?view-availability=1
"Ensemble de 2 tabourets de comptoir BRANDY, blanc, 21,75 po X 41,25 po X 26,5 po",https://patrickmorin.com/fr/ensemble-de-2-tabourets-de-comptoir-brandy-blanc-21-75-po-x-41-25-po-x-26-5-po-2813977,https://patrickmorin.com/media/catalog/product/2/-/2-pieces-brandy-counter-stool-white-1-2813977-fr.jpg,2813977,149.99,74.99,75.0,50.0,4,Livraison disponible,https://patrickmorin.com/fr/ensemble-de-2-tabourets-de-comptoir-brandy-blanc-21-75-po-x-41-25-po-x-26-5-po-2813977?view-availability=1
"Ensemble de 2 tabourets de comptoir BRANDY, noir, 21,75 po X 41,25 po X 26,5 po",https://patrickmorin.com/fr/ensemble-de-2-tabourets-de-comptoir-brandy-noir-21-75-po-x-41-25-po-x-26-5-po-2813978,https://patrickmorin.com/media/catalog/product/2/-/2-pieces-brandy-couter-stool-black-1-2813978-fr.jpg,2813978,149.99,74.99,75.0,50.0,6,Livraison disponible,https://patrickmorin.com/fr/ensemble-de-2-tabourets-de-comptoir-brandy-noir-21-75-po-x-41-25-po-x-26-5-po-2813978?view-availability=1
"Cabinet de rangement 1 porte et 1 tablette, chêne et noir",https://patrickmorin.com/fr/cabinet-de-rangement-1-porte-et-1-tablette-chene-et-noir-2813973,https://patrickmorin.com/media/catalog/product/s/t/storage-cabinet-1-door-and-1-tablet-oak-and-black-1-2813973-fr.jpg,2813973,149.99,74.99,75.0,50.0,12,Livraison disponible,https://patrickmorin.com/fr/cabinet-de-rangement-1-porte-et-1-tablette-chene-et-noir-2813973?view-availability=1
Contrôleur de porte de garage intelligent Wifi,https://patrickmorin.com/fr/controleur-de-porte-de-garage-intelligent-wifi-0657747,https://patrickmorin.com/media/catalog/product/w/i/wifi-garage-door-controller-1-0657747-fr.jpg,0657747,89.99,22.5,67.49,75.0,3,Livraison disponible,https://patrickmorin.com/fr/controleur-de-porte-de-garage-intelligent-wifi-0657747?view-availability=1
"Tablettes flottantes en hévéa, 1 x 48 po / 2 x 24 po, 3/pqt",https://patrickmorin.com/fr/tablettes-flottantes-en-hevea-1-x-48-po-2-x-24-po-3-pqt-0643974,https://patrickmorin.com/media/catalog/product/1/-/1-0643974-fr.jpg,0643974,129.99,64.99,65.0,50.0,60,Livraison disponible,https://patrickmorin.com/fr/tablettes-flottantes-en-hevea-1-x-48-po-2-x-24-po-3-pqt-0643974?view-availability=1
"Jardinière hydroponique AEROGARDEN, 3 capsules",https://patrickmorin.com/fr/jardiniere-hydroponique-aerogarden-3-capsules-1267231,https://patrickmorin.com/media/catalog/product/1/-/1-1267231-fr.jpg,1267231,129.99,64.99,65.0,50.0,12,Livraison disponible,https://patrickmorin.com/fr/jardiniere-hydroponique-aerogarden-3-capsules-1267231?view-availability=1
"Bureau de travail Industriel, bois et noir, 39,4 po x 29,5 po x 19,7 po",https://patrickmorin.com/fr/bureau-de-travail-industriel-bois-et-noir-39-4-po-x-29-5-po-x-19-7-po-2861509,https://patrickmorin.com/media/catalog/product/o/f/office-desk-1-2861509-fr.jpg,2861509,129.99,64.99,65.0,50.0,8,Livraison disponible,https://patrickmorin.com/fr/bureau-de-travail-industriel-bois-et-noir-39-4-po-x-29-5-po-x-19-7-po-2861509?view-availability=1
"Coffre de chantier 36 po, noir",https://patrickmorin.com/fr/coffre-de-chantier-36-po-noir-7047012,https://patrickmorin.com/media/catalog/product/j/o/jobsite-box-36-in-black-1-7047012-fr.jpg,7047012,249.99,187.49,62.5,25.0,2,Livraison disponible,https://patrickmorin.com/fr/coffre-de-chantier-36-po-noir-7047012?view-availability=1
"Grande table d'appoint en bois manguier, brun",https://patrickmorin.com/fr/grande-table-d-appoint-en-bois-manguier-brun-2810010,https://patrickmorin.com/media/catalog/product/1/-/1-2810010-fr.jpg,2810010,119.99,59.99,60.0,50.0,9,Livraison disponible,https://patrickmorin.com/fr/grande-table-d-appoint-en-bois-manguier-brun-2810010?view-availability=1
Douche téléphone VERSO,https://patrickmorin.com/fr/douche-telephone-verso-2909366,https://patrickmorin.com/media/catalog/product/1/-/1-2909366-fr.jpg,2909366,118.99,59.49,59.5,50.0,1,Livraison disponible,https://patrickmorin.com/fr/douche-telephone-verso-2909366?view-availability=1
"Pare-étincelles en inox pour muret MODERNO/URBANIA, Patio Drummond",https://patrickmorin.com/fr/pare-etincelles-en-inox-pour-muret-moderno-urbania-patio-drummond-paetmoin,https://patrickmorin.com/media/catalog/product/s/t/stainless-steel-fireguard-for-moderno-and-urbania-wall-1-PAETMOIN-fr.jpg,PAETMOIN,529.99,475.0,54.99,10.38,1,Livraison disponible,https://patrickmorin.com/fr/pare-etincelles-en-inox-pour-muret-moderno-urbania-patio-drummond-paetmoin?view-availability=1
"Film poly patinoire, 40 pi x 50 pi, blanc",https://patrickmorin.com/fr/film-poly-patinoire-40-pi-x-50-pi-blanc-0258012,https://patrickmorin.com/media/catalog/product/1/-/1-0258012-fr.jpg,0258012,215.99,161.99,54.0,25.0,1,Livraison disponible,https://patrickmorin.com/fr/film-poly-patinoire-40-pi-x-50-pi-blanc-0258012?view-availability=1
"Chaise empilable BELAIR, noir",https://patrickmorin.com/fr/chaise-empilable-belair-noir-2813946,https://patrickmorin.com/media/catalog/product/b/e/belair-chair-22-5-in-x-37-in-x-25-in-black-1-2813946-fr.jpg,2813946,99.99,49.99,50.0,50.01,7,Livraison disponible,https://patrickmorin.com/fr/chaise-empilable-belair-noir-2813946?view-availability=1
"Chaise PASADENA, gris",https://patrickmorin.com/fr/chaise-pasadena-gris-2814187,https://patrickmorin.com/media/catalog/product/1/-/1-2814187-fr.jpg,2814187,99.99,49.99,50.0,50.01,16,Livraison disponible,https://patrickmorin.com/fr/chaise-pasadena-gris-2814187?view-availability=1
"Table de chevet KODALI avec porte en métal, blanc",https://patrickmorin.com/fr/table-de-chevet-kodali-avec-porte-en-metal-blanc-2909018,https://patrickmorin.com/media/catalog/product/1/-/1-2909018-fr.jpg,2909018,99.99,49.99,50.0,50.01,1,Livraison disponible,https://patrickmorin.com/fr/table-de-chevet-kodali-avec-porte-en-metal-blanc-2909018?view-availability=1
"Table de chevet KODALI avec porte en métal, bleu",https://patrickmorin.com/fr/table-de-chevet-kodali-avec-porte-en-metal-bleu-2909015,https://patrickmorin.com/media/catalog/product/1/-/1-2909015-fr.jpg,2909015,99.99,49.99,50.0,50.01,14,Livraison disponible,https://patrickmorin.com/fr/table-de-chevet-kodali-avec-porte-en-metal-bleu-2909015?view-availability=1
Chaise empilable PALERMA,https://patrickmorin.com/fr/chaise-empilable-palerma-2813774,https://patrickmorin.com/media/catalog/product/1/-/1-2813774-fr.jpg,2813774,99.99,49.99,50.0,50.01,73,Livraison disponible,https://patrickmorin.com/fr/chaise-empilable-palerma-2813774?view-availability=1
"Table de chevet KODALI avec porte en métal, bleu",https://patrickmorin.com/fr/table-de-chevet-kodali-avec-porte-en-metal-bleu-2909017,https://patrickmorin.com/media/catalog/product/1/-/1-2909017-fr.jpg,2909017,99.99,49.99,50.0,50.01,17,Livraison disponible,https://patrickmorin.com/fr/table-de-chevet-kodali-avec-porte-en-metal-bleu-2909017?view-availability=1
"Toilette LORA 2 pièces, double chasse, 4L/6L, MAP 800g",https://patrickmorin.com/fr/toilette-lora-2-pieces-double-chasse-4l-6l-map-800g-2906587,https://patrickmorin.com/media/catalog/product/d/u/dual-flush-toilet-1-2906587-fr.jpg,2906587,199.99,149.99,50.0,25.0,15,Livraison disponible,https://patrickmorin.com/fr/toilette-lora-2-pieces-double-chasse-4l-6l-map-800g-2906587?view-availability=1
"Fauteuil d'appoint SCILLE, noir",https://patrickmorin.com/fr/fauteuil-d-appoint-scille-noir-2827819,https://patrickmorin.com/media/catalog/product/1/-/1-2827819-fr.jpg,2827819,199.99,149.99,50.0,25.0,4,Livraison disponible,https://patrickmorin.com/fr/fauteuil-d-appoint-scille-noir-2827819?view-availability=1
"Fauteuil d'appoint SCILLE, bleu marine",https://patrickmorin.com/fr/fauteuil-d-appoint-scille-bleu-marine-2827820,https://patrickmorin.com/media/catalog/product/1/-/1-2827820-fr.jpg,2827820,199.99,149.99,50.0,25.0,6,Livraison disponible,https://patrickmorin.com/fr/fauteuil-d-appoint-scille-bleu-marine-2827820?view-availability=1
"Alarme WI-FI, sans fil",https://patrickmorin.com/fr/alarme-wi-fi-sans-fil-0657726,https://patrickmorin.com/media/catalog/product/w/i/wireless-alarm-wi-fi-1-0657726-fr.jpg,0657726,64.99,16.25,48.74,75.0,3,Livraison disponible,https://patrickmorin.com/fr/alarme-wi-fi-sans-fil-0657726?view-availability=1
"Robot nettoyeur de piscine rechargeable, DELTA 200",https://patrickmorin.com/fr/robot-nettoyeur-de-piscine-rechargeable-delta-200-0811363,https://patrickmorin.com/media/catalog/product/1/-/1-0811363-fr.jpg,0811363,189.99,142.49,47.5,25.0,3,Livraison disponible,https://patrickmorin.com/fr/robot-nettoyeur-de-piscine-rechargeable-delta-200-0811363?view-availability=1
Ensemble de recirculation Designer pour cheminée,https://patrickmorin.com/fr/ensemble-de-recirculation-designer-pour-cheminee-1613077,https://patrickmorin.com/media/catalog/product/d/e/designer-non-duct-recirculation-kit-for-chimney-hood-1-1613077-fr.jpg,1613077,92.99,46.49,46.5,50.01,2,Livraison disponible,https://patrickmorin.com/fr/ensemble-de-recirculation-designer-pour-cheminee-1613077?view-availability=1
Compresseur polyvalent,https://patrickmorin.com/fr/compresseur-polyvalent-0027031,https://patrickmorin.com/media/catalog/product/m/u/multi-purpose-compressor-polyvalent-1-0027031-fr.jpg,0027031,89.99,44.99,45.0,50.01,1,Livraison disponible,https://patrickmorin.com/fr/compresseur-polyvalent-0027031?view-availability=1
"Chaise longue KANSAS, noir",https://patrickmorin.com/fr/chaise-longue-kansas-noir-2813131,https://patrickmorin.com/media/catalog/product/c/h/chair-lounge-1-2813131-fr.jpg,2813131,179.99,134.99,45.0,25.0,7,Livraison disponible,https://patrickmorin.com/fr/chaise-longue-kansas-noir-2813131?view-availability=1
"Jeu de balles en échelle 2-en-1, HÖM SPORTS",https://patrickmorin.com/fr/jeu-de-balles-en-echelle-2-en-1-hom-sports-0811990,https://patrickmorin.com/media/catalog/product/2/-/2-in-1-ladder-ball-game-1-stand-1-0811990-fr.jpg,0811990,59.99,15.0,44.99,75.0,2,Livraison disponible,https://patrickmorin.com/fr/jeu-de-balles-en-echelle-2-en-1-hom-sports-0811990?view-availability=1
"Batterie au lithium-ion WORX, 20 V, Power Share PRO, 2 Ah",https://patrickmorin.com/fr/batterie-au-lithium-ion-worx-20-v-power-share-pro-2-ah-0720010,https://patrickmorin.com/media/catalog/product/1/-/1-0720010-fr.jpg,0720010,79.99,39.99,40.0,50.01,2,Livraison disponible,https://patrickmorin.com/fr/batterie-au-lithium-ion-worx-20-v-power-share-pro-2-ah-0720010?view-availability=1
"Petite table d'appoint en bois manguier, brun",https://patrickmorin.com/fr/petite-table-d-appoint-en-bois-manguier-brun-2810011,https://patrickmorin.com/media/catalog/product/1/-/1-2810011-fr.jpg,2810011,79.99,39.99,40.0,50.01,4,Livraison disponible,https://patrickmorin.com/fr/petite-table-d-appoint-en-bois-manguier-brun-2810011?view-availability=1
"Abri pour la plage instantané, vert",https://patrickmorin.com/fr/abri-pour-la-plage-instantane-vert-0313760,https://patrickmorin.com/media/catalog/product/b/e/beach-insta-shelter-1-0313760-fr.jpg,0313760,69.99,34.99,35.0,50.01,1,Livraison disponible,https://patrickmorin.com/fr/abri-pour-la-plage-instantane-vert-0313760?view-availability=1
"Pouf en cylindre, gris/naturel",https://patrickmorin.com/fr/pouf-en-cylindre-gris-naturel-2810014,https://patrickmorin.com/media/catalog/product/1/-/1-2810014-fr.jpg,2810014,69.99,34.99,35.0,50.01,11,Livraison disponible,https://patrickmorin.com/fr/pouf-en-cylindre-gris-naturel-2810014?view-availability=1
"Pouf en cube, charbon/naturel",https://patrickmorin.com/fr/pouf-en-cube-charbon-naturel-2810013,https://patrickmorin.com/media/catalog/product/1/-/1-2810013-fr.jpg,2810013,69.99,34.99,35.0,50.01,16,Livraison disponible,https://patrickmorin.com/fr/pouf-en-cube-charbon-naturel-2810013?view-availability=1
"Papier-peint non encollé, briques, blanc cassé/gris",https://patrickmorin.com/fr/papier-peint-non-encolle-briques-blanc-casse-gris-2827905,https://patrickmorin.com/media/catalog/product/w/a/wallpaper-unpasted-brick-1-2827905-fr.jpg,2827905,69.99,34.99,35.0,50.01,4,Livraison disponible,https://patrickmorin.com/fr/papier-peint-non-encolle-briques-blanc-casse-gris-2827905?view-availability=1
"Pompe pour fontaine en résine, 650L/h",https://patrickmorin.com/fr/pompe-pour-fontaine-en-resine-650l-h-0337393,https://patrickmorin.com/media/catalog/product/w/a/water-pump-for-polyresin-fountains-1400-liters-1-0337393-fr.jpg,0337393,69.99,34.99,35.0,50.01,1,Livraison disponible,https://patrickmorin.com/fr/pompe-pour-fontaine-en-resine-650l-h-0337393?view-availability=1
"Scellant brique/pierre, rehausseur de couleurs",https://patrickmorin.com/fr/scellant-brique-pierre-rehausseur-de-couleurs-2873561,https://patrickmorin.com/media/catalog/product/b/r/brick-stone-sealer-color-enhancer-1-2873561-fr.jpg,2873561,70.0,35.0,35.0,50.0,10,Livraison disponible,https://patrickmorin.com/fr/scellant-brique-pierre-rehausseur-de-couleurs-2873561?view-availability=1
"Auvent latéral rétractable, 118 po X 63 po X 4 po, gris",https://patrickmorin.com/fr/auvent-lateral-retractable-118-po-x-63-po-x-4-po-gris-1402686,https://patrickmorin.com/media/catalog/product/r/e/rectractable-side-awning-118-in-x-63-in-x-4-in-grey-1-1402686-fr.jpg,1402686,129.99,97.49,32.5,25.0,2,Livraison disponible,https://patrickmorin.com/fr/auvent-lateral-retractable-118-po-x-63-po-x-4-po-gris-1402686?view-availability=1
"Film poly patinoire, 24 pi x 50 pi, blanc",https://patrickmorin.com/fr/film-poly-patinoire-24-pi-x-50-pi-blanc-0258010,https://patrickmorin.com/media/catalog/product/1/-/1-0258010-fr.jpg,0258010,129.99,97.49,32.5,25.0,7,Livraison disponible,https://patrickmorin.com/fr/film-poly-patinoire-24-pi-x-50-pi-blanc-0258010?view-availability=1
Ens. scie sauteuse orbitale à course 20V 7/8 po avec batterie au lithium PWRCORE 20,https://patrickmorin.com/fr/ens-scie-sauteuse-orbitale-a-course-20v-7-8-po-avec-batterie-au-lithium-pwrcore-20-0385053,https://patrickmorin.com/media/catalog/product/2/0/20v-7-8-in-stroke-lenght-orbital-jigsaw-kit-with-pwrcore-20v-lithium-battery-1-0385053-fr.jpg,0385053,129.99,97.49,32.5,25.0,12,Livraison disponible,https://patrickmorin.com/fr/ens-scie-sauteuse-orbitale-a-course-20v-7-8-po-avec-batterie-au-lithium-pwrcore-20-0385053?view-availability=1
Filtres de remplacement,https://patrickmorin.com/fr/filtres-de-remplacement-1540841,https://patrickmorin.com/media/catalog/product/r/e/replacement-filters-1-1540841-fr.jpg,1540841,59.99,29.99,30.0,50.01,2,Livraison disponible,https://patrickmorin.com/fr/filtres-de-remplacement-1540841?view-availability=1
"Treillis extensible, feuilles de rose",https://patrickmorin.com/fr/treillis-extensible-feuilles-de-rose-0334716,https://patrickmorin.com/media/catalog/product/1/-/1-0334716-fr.jpg,0334716,59.99,29.99,30.0,50.01,15,Livraison disponible,https://patrickmorin.com/fr/treillis-extensible-feuilles-de-rose-0334716?view-availability=1
"Pouf en macramé, naturel",https://patrickmorin.com/fr/pouf-en-macrame-naturel-2810012,https://patrickmorin.com/media/catalog/product/1/-/1-2810012-fr.jpg,2810012,59.99,29.99,30.0,50.01,13,Livraison disponible,https://patrickmorin.com/fr/pouf-en-macrame-naturel-2810012?view-availability=1
"Moulure de transition en T sepia COMBO, taupe",https://patrickmorin.com/fr/moulure-de-transition-en-t-sepia-combo-taupe-0930030,https://patrickmorin.com/media/catalog/product/t/-/t-moulding-sepia-maple-cherrywood-1-0930030-fr.jpg,0930030,29.99,3.0,26.99,90.0,3,Livraison disponible,https://patrickmorin.com/fr/moulure-de-transition-en-t-sepia-combo-taupe-0930030?view-availability=1
"Toile opaque econoflex, 55-1/4 po X 70 po",https://patrickmorin.com/fr/toile-opaque-econoflex-55-1-4-po-x-70-po-2897456,https://patrickmorin.com/media/catalog/product/b/l/blackout-econoflex-blinds-55-1-4-in-x-70-in-1-2897456-fr.jpg,2897456,104.99,78.74,26.25,25.0,4,Livraison disponible,https://patrickmorin.com/fr/toile-opaque-econoflex-55-1-4-po-x-70-po-2897456?view-availability=1
"Ensemble de piquets lumineux solaires DEL, blanc chaud, 4/pqt",https://patrickmorin.com/fr/ensemble-de-piquets-lumineux-solaires-del-blanc-chaud-4-pqt-2600083,https://patrickmorin.com/media/catalog/product/1/-/1-2600083-fr.jpg,2600083,49.99,24.99,25.0,50.01,8,Livraison disponible,https://patrickmorin.com/fr/ensemble-de-piquets-lumineux-solaires-del-blanc-chaud-4-pqt-2600083?view-availability=1
"Jardiniere superposé GARANT sur roulettes, 3 bacs",https://patrickmorin.com/fr/jardiniere-superpose-garant-sur-roulettes-3-bacs-0124659,https://patrickmorin.com/media/catalog/product/1/-/1-0124659-fr.jpg,0124659,49.99,24.99,25.0,50.01,6,Livraison disponible,https://patrickmorin.com/fr/jardiniere-superpose-garant-sur-roulettes-3-bacs-0124659?view-availability=1
Kit de quincaillerie d'etabli / d'etagere,https://patrickmorin.com/fr/kit-de-quincaillerie-d-etabli-d-etagere-0348810,https://patrickmorin.com/media/catalog/product/h/a/hardware-kit-for-workbench-shelving-1-0348810-fr.jpg,0348810,49.99,24.99,25.0,50.01,1,Livraison disponible,https://patrickmorin.com/fr/kit-de-quincaillerie-d-etabli-d-etagere-0348810?view-availability=1
"Lumière encastré intérieur et extérieur THINLED à intensité réglable 9w, blanc chaud",https://patrickmorin.com/fr/lumiere-encastre-interieur-et-exterieur-thinled-a-intensite-reglable-9w-blanc-chaud-0656058,https://patrickmorin.com/media/catalog/product/t/h/thinled-dimmable-indoor-and-outdoor-recessed-light-9-w-warm-white-1-0656058-fr.jpg,0656058,49.99,24.99,25.0,50.01,1,Livraison disponible,https://patrickmorin.com/fr/lumiere-encastre-interieur-et-exterieur-thinled-a-intensite-reglable-9w-blanc-chaud-0656058?view-availability=1
"Grand piédestal en métal, 26 po x 39 po x 14 po",https://patrickmorin.com/fr/grand-piedestal-en-metal-26-po-x-39-po-x-14-po-2800983,https://patrickmorin.com/media/catalog/product/1/-/1-2800983-fr.jpg,2800983,49.99,24.99,25.0,50.01,3,Livraison disponible,https://patrickmorin.com/fr/grand-piedestal-en-metal-26-po-x-39-po-x-14-po-2800983?view-availability=1
Arroseurs oscillant avec minuterie d'arrosage Turbo GearRainwave,https://patrickmorin.com/fr/arroseurs-oscillant-avec-minuterie-d-arrosage-turbo-gearrainwave-0200125,https://patrickmorin.com/media/catalog/product/s/p/sprinkler-timer-oscillator-18-nozzles-timer-1-to-120-min-1-0200125-fr.jpg,0200125,49.99,24.99,25.0,50.01,3,Livraison disponible,https://patrickmorin.com/fr/arroseurs-oscillant-avec-minuterie-d-arrosage-turbo-gearrainwave-0200125?view-availability=1
Chaise de plage pliante (couleur assortie),https://patrickmorin.com/fr/chaise-de-plage-pliante-couleur-assortie-2814092,https://patrickmorin.com/media/catalog/product/1/-/1-2814092-fr.jpg,2814092,49.99,24.99,25.0,50.01,6,Livraison disponible,https://patrickmorin.com/fr/chaise-de-plage-pliante-couleur-assortie-2814092?view-availability=1
"Luminaire sur pied, CAPE TOWN",https://patrickmorin.com/fr/luminaire-sur-pied-cape-town-0255585,https://patrickmorin.com/media/catalog/product/c/a/cape-town-floor-lamp-1-0255585-fr.jpg,0255585,99.99,74.99,25.0,25.0,1,Livraison disponible,https://patrickmorin.com/fr/luminaire-sur-pied-cape-town-0255585?view-availability=1
"Panneau d'éclairage LEDVANCE, 5000K, 5000 lumen, 2 pi x 4 pi",https://patrickmorin.com/fr/panneau-d-eclairage-ledvance-5000k-5000-lumen-2-pi-x-4-pi-6956037,https://patrickmorin.com/media/catalog/product/1/-/1-6956037-fr.jpg,6956037,99.99,74.99,25.0,25.0,1,Livraison disponible,https://patrickmorin.com/fr/panneau-d-eclairage-ledvance-5000k-5000-lumen-2-pi-x-4-pi-6956037?view-availability=1
Chaise berçante pliante chauffante,https://patrickmorin.com/fr/chaise-bercante-pliante-chauffante-7047043,https://patrickmorin.com/media/catalog/product/1/-/1-7047043-fr.jpg,7047043,99.99,74.99,25.0,25.0,2,Livraison disponible,https://patrickmorin.com/fr/chaise-bercante-pliante-chauffante-7047043?view-availability=1
"Solin en pvc, 20 mil, 12 po",https://patrickmorin.com/fr/solin-en-pvc-20-mil-12-po-pvc12,https://patrickmorin.com/media/catalog/product/f/l/flashing-pvc-20-mil-12-in-1-PVC12-fr.jpg,PVC12,99.99,74.99,25.0,25.0,13,Livraison disponible,https://patrickmorin.com/fr/solin-en-pvc-20-mil-12-po-pvc12?view-availability=1
Serrure d'entrée ELEMENT/BRENTWOOD,https://patrickmorin.com/fr/serrure-d-entree-element-brentwood-0965076,https://patrickmorin.com/media/catalog/product/e/l/element-brentwood-entry-handle-set-1-0965076-fr.jpg,0965076,99.99,74.99,25.0,25.0,2,Livraison disponible,https://patrickmorin.com/fr/serrure-d-entree-element-brentwood-0965076?view-availability=1
"Banc empilable BUBBLE, deux places, corail",https://patrickmorin.com/fr/banc-empilable-bubble-deux-places-corail-0075037,https://patrickmorin.com/media/catalog/product/1/-/1-0075037-fr.jpg,0075037,89.99,67.49,22.5,25.0,3,Livraison disponible,https://patrickmorin.com/fr/banc-empilable-bubble-deux-places-corail-0075037?view-availability=1
"Panneaux à DEL, 2/pqt",https://patrickmorin.com/fr/panneaux-a-del-2-pqt-0657702,https://patrickmorin.com/media/catalog/product/l/e/led-panels-2-pack-1-0657702-fr.jpg,0657702,89.99,67.49,22.5,25.0,19,Livraison disponible,https://patrickmorin.com/fr/panneaux-a-del-2-pqt-0657702?view-availability=1
"Caissons carrés, 5/8 po x 3 po x 24 po, mdf blanc, 7/bte",https://patrickmorin.com/fr/caissons-carres-5-8-po-x-3-po-x-24-po-mdf-blanc-7-bte-0964989,https://patrickmorin.com/media/catalog/product/1/-/1-0964989-fr.jpg,0964989,42.99,21.49,21.5,50.01,14,Livraison disponible,https://patrickmorin.com/fr/caissons-carres-5-8-po-x-3-po-x-24-po-mdf-blanc-7-bte-0964989?view-availability=1
"Plancher de vinyle SPC COSMOS, 4,3 mm, Saturne",https://patrickmorin.com/fr/plancher-de-vinyle-spc-cosmos-4-3-mm-saturne-0928845,https://patrickmorin.com/media/catalog/product/1/-/1-0928845-fr.jpg,0928845,85.72,64.29,21.43,25.0,6,Livraison disponible,https://patrickmorin.com/fr/plancher-de-vinyle-spc-cosmos-4-3-mm-saturne-0928845?view-availability=1
"Toile opaque econoflex, 31-1/4 po X 70 po",https://patrickmorin.com/fr/toile-opaque-econoflex-31-1-4-po-x-70-po-2897452,https://patrickmorin.com/media/catalog/product/b/l/blackout-econoflex-blinds-31-1-4-in-x-70-in-1-2897452-fr.jpg,2897452,84.99,63.74,21.25,25.0,4,Livraison disponible,https://patrickmorin.com/fr/toile-opaque-econoflex-31-1-4-po-x-70-po-2897452?view-availability=1
"Avertisseur vocal de fumée et monoxyde KIDDE, 120 V",https://patrickmorin.com/fr/avertisseur-vocal-de-fumee-et-monoxyde-kidde-120-v-1372836,https://patrickmorin.com/media/catalog/product/1/-/1-1372836-fr.jpg,1372836,82.99,62.24,20.75,25.0,1,Livraison disponible,https://patrickmorin.com/fr/avertisseur-vocal-de-fumee-et-monoxyde-kidde-120-v-1372836?view-availability=1
"Table/pot/glacière DIEGO, multifonction, noir",https://patrickmorin.com/fr/table-pot-glaciere-diego-multifonction-noir-2814183,https://patrickmorin.com/media/catalog/product/1/-/1-2814183-fr.jpg,2814183,39.99,19.99,20.0,50.01,1,Livraison disponible,https://patrickmorin.com/fr/table-pot-glaciere-diego-multifonction-noir-2814183?view-availability=1
"Combo de carpette TRIDENT, 24 po x 36 po et 36 po x 72 po, fer brossé",https://patrickmorin.com/fr/combo-de-carpette-trident-24-po-x-36-po-et-36-po-x-72-po-fer-brosse-0417351,https://patrickmorin.com/media/catalog/product/1/-/1-0417351-fr.jpg,0417351,39.99,19.99,20.0,50.01,43,Livraison disponible,https://patrickmorin.com/fr/combo-de-carpette-trident-24-po-x-36-po-et-36-po-x-72-po-fer-brosse-0417351?view-availability=1
"Table/pot/glacière DIEGO, multifonction, sable",https://patrickmorin.com/fr/table-pot-glaciere-diego-multifonction-sable-2814185,https://patrickmorin.com/media/catalog/product/1/-/1-2814185-fr.jpg,2814185,39.99,19.99,20.0,50.01,8,Livraison disponible,https://patrickmorin.com/fr/table-pot-glaciere-diego-multifonction-sable-2814185?view-availability=1
"Lanterne DEL blanche, 23.6 cm, RVB + blanc pur",https://patrickmorin.com/fr/lanterne-del-blanche-23-6-cm-rvb-blanc-pur-2600103,https://patrickmorin.com/media/catalog/product/1/-/1-2600103-fr.jpg,2600103,39.99,19.99,20.0,50.01,4,Livraison disponible,https://patrickmorin.com/fr/lanterne-del-blanche-23-6-cm-rvb-blanc-pur-2600103?view-availability=1
"Plancher de Vinyle SPC, 5,5mm, Chêne York, beige",https://patrickmorin.com/fr/plancher-de-vinyle-spc-5-5mm-chene-york-beige-0928383,https://patrickmorin.com/media/catalog/product/1/-/1-0928383-fr.jpg,0928383,76.92,57.69,19.23,25.0,4,Livraison disponible,https://patrickmorin.com/fr/plancher-de-vinyle-spc-5-5mm-chene-york-beige-0928383?view-availability=1
"Plancher de vinyle SPC, 5,5 mm, merisier Orchard",https://patrickmorin.com/fr/plancher-de-vinyle-spc-5-5-mm-merisier-orchard-0928384,https://patrickmorin.com/media/catalog/product/1/-/1-0928384-fr.jpg,0928384,76.92,57.69,19.23,25.0,25,Livraison disponible,https://patrickmorin.com/fr/plancher-de-vinyle-spc-5-5-mm-merisier-orchard-0928384?view-availability=1
"Plancher de vinyle SPC, 5,5 mm, noyer Wells",https://patrickmorin.com/fr/plancher-de-vinyle-spc-5-5-mm-noyer-wells-0928385,https://patrickmorin.com/media/catalog/product/1/-/1-0928385-fr.jpg,0928385,76.92,57.69,19.23,25.0,2,Livraison disponible,https://patrickmorin.com/fr/plancher-de-vinyle-spc-5-5-mm-noyer-wells-0928385?view-availability=1
"Percolateur en email, 9 tasses",https://patrickmorin.com/fr/percolateur-en-email-9-tasses-0812033,https://patrickmorin.com/media/catalog/product/1/-/1-0812033-fr.jpg,0812033,36.99,18.49,18.5,50.01,10,Livraison disponible,https://patrickmorin.com/fr/percolateur-en-email-9-tasses-0812033?view-availability=1
"Luminaire solaire à DEL, 11 cm X 28 cm X 11 cm, noir",https://patrickmorin.com/fr/luminaire-solaire-a-del-11-cm-x-28-cm-x-11-cm-noir-2849691,https://patrickmorin.com/media/catalog/product/l/e/led-solar-gazebo-light-11-cm-x-28-cm-x-11-cm-black-1-2849691-fr.jpg,2849691,35.99,17.99,18.0,50.01,12,Livraison disponible,https://patrickmorin.com/fr/luminaire-solaire-a-del-11-cm-x-28-cm-x-11-cm-noir-2849691?view-availability=1
Panneaux de tuile,https://patrickmorin.com/fr/panneaux-de-tuile-cernuanceb,https://patrickmorin.com/media/catalog/product/t/i/tileboard-1-CERNUANCEB-fr.jpg,CERNUANCEB,71.99,53.99,18.0,25.0,2,Livraison disponible,https://patrickmorin.com/fr/panneaux-de-tuile-cernuanceb?view-availability=1
Système de démarrage de semence pour jardin AEROGARDEN,https://patrickmorin.com/fr/systeme-de-demarrage-de-semence-pour-jardin-aerogarden-1267237,https://patrickmorin.com/media/catalog/product/1/-/1-1267237-fr.jpg,1267237,34.99,17.49,17.5,50.01,6,Livraison disponible,https://patrickmorin.com/fr/systeme-de-demarrage-de-semence-pour-jardin-aerogarden-1267237?view-availability=1
"Peinture intérieure pour plafond calcémie texturée, alkyde, fini mat, blanc, 3,78 L",https://patrickmorin.com/fr/peinture-interieure-pour-plafond-calcemie-texturee-alkyde-fini-mat-blanc-3-78-l-17211124,https://patrickmorin.com/media/catalog/product/i/n/interior-paint-for-textured-calcimine-ceiling-alkyd-flat-finish-1-17211124-fr.jpg,17211124,69.99,52.49,17.5,25.0,1,Livraison disponible,https://patrickmorin.com/fr/peinture-interieure-pour-plafond-calcemie-texturee-alkyde-fini-mat-blanc-3-78-l-17211124?view-availability=1
"Anti-odeurs, clair, 946 ml",https://patrickmorin.com/fr/anti-odeurs-clair-946-ml-619960,https://patrickmorin.com/media/catalog/product/o/d/odour-killing-946ml-clear-1-619960-fr.jpg,619960,33.99,16.99,17.0,50.01,10,Livraison disponible,https://patrickmorin.com/fr/anti-odeurs-clair-946-ml-619960?view-availability=1
Rainwave Raccord de tuyau à 4 voies en laiton,https://patrickmorin.com/fr/rainwave-raccord-de-tuyau-a-4-voies-en-laiton-0200116,https://patrickmorin.com/media/catalog/product/c/o/connector-four-way-brass-built-in-shut-off-for-each-way-1-0200116-fr.jpg,0200116,32.99,16.49,16.5,50.02,11,Livraison disponible,https://patrickmorin.com/fr/rainwave-raccord-de-tuyau-a-4-voies-en-laiton-0200116?view-availability=1
"Plancher de vinyle SPC, 4 mm, chêne Montana",https://patrickmorin.com/fr/plancher-de-vinyle-spc-4-mm-chene-montana-0928022,https://patrickmorin.com/media/catalog/product/1/-/1-0928022-fr.jpg,0928022,63.57,47.68,15.89,25.0,2,Livraison disponible,https://patrickmorin.com/fr/plancher-de-vinyle-spc-4-mm-chene-montana-0928022?view-availability=1
"Semence à gazon pour soleil et ombre Scotts, 5kg",https://patrickmorin.com/fr/semence-a-gazon-pour-soleil-et-ombre-scotts-5kg-1267024,https://patrickmorin.com/media/catalog/product/g/r/grass-seed-for-sun-and-shade-1-1267024-fr.jpg,1267024,59.99,44.99,15.0,25.0,37,Livraison disponible,https://patrickmorin.com/fr/semence-a-gazon-pour-soleil-et-ombre-scotts-5kg-1267024?view-availability=1
"Table MONTERREY, noir",https://patrickmorin.com/fr/table-monterrey-noir-2814189,https://patrickmorin.com/media/catalog/product/1/-/1-2814189-fr.jpg,2814189,59.99,44.99,15.0,25.0,3,Livraison disponible,https://patrickmorin.com/fr/table-monterrey-noir-2814189?view-availability=1
"Chaise CARMELA, noir",https://patrickmorin.com/fr/chaise-carmela-noir-2814176,https://patrickmorin.com/media/catalog/product/1/-/1-2814176-fr.jpg,2814176,59.99,44.99,15.0,25.0,15,Livraison disponible,https://patrickmorin.com/fr/chaise-carmela-noir-2814176?view-availability=1
Base de parasol CALIFORNIA,https://patrickmorin.com/fr/base-de-parasol-california-2814156,https://patrickmorin.com/media/catalog/product/1/-/1-2814156-fr.jpg,2814156,59.99,44.99,15.0,25.0,11,Livraison disponible,https://patrickmorin.com/fr/base-de-parasol-california-2814156?view-availability=1
"Chaise CARMELA, gris",https://patrickmorin.com/fr/chaise-carmela-gris-2814177,https://patrickmorin.com/media/catalog/product/1/-/1-2814177-fr.jpg,2814177,59.99,44.99,15.0,25.0,46,Livraison disponible,https://patrickmorin.com/fr/chaise-carmela-gris-2814177?view-availability=1
Luminaire mural à 1 lumière,https://patrickmorin.com/fr/luminaire-mural-a-1-lumiere-6955937,https://patrickmorin.com/media/catalog/product/1/-/1-light-wall-sconce-1-6955937-fr.jpg,6955937,59.99,44.99,15.0,25.0,4,Livraison disponible,https://patrickmorin.com/fr/luminaire-mural-a-1-lumiere-6955937?view-availability=1
"Chaise CARMELA, vert",https://patrickmorin.com/fr/chaise-carmela-vert-2814178,https://patrickmorin.com/media/catalog/product/1/-/1-2814178-fr.jpg,2814178,59.99,44.99,15.0,25.0,20,Livraison disponible,https://patrickmorin.com/fr/chaise-carmela-vert-2814178?view-availability=1
"Plancher de vinyle SPC AMBIANCE, 5,2 mm, Alicante",https://patrickmorin.com/fr/plancher-de-vinyle-spc-ambiance-5-2-mm-alicante-0928405,https://patrickmorin.com/media/catalog/product/1/-/1-0928405-fr.jpg,0928405,59.8,44.85,14.95,25.0,2,Livraison disponible,https://patrickmorin.com/fr/plancher-de-vinyle-spc-ambiance-5-2-mm-alicante-0928405?view-availability=1
"Plancher de vinyle SPC AMBIANCE, 5,2 mm, Madrid",https://patrickmorin.com/fr/plancher-de-vinyle-spc-ambiance-5-2-mm-madrid-0928404,https://patrickmorin.com/media/catalog/product/1/-/1-0928404-fr.jpg,0928404,59.8,44.85,14.95,25.0,3,Livraison disponible,https://patrickmorin.com/fr/plancher-de-vinyle-spc-ambiance-5-2-mm-madrid-0928404?view-availability=1
"Scellant multi-surface à vaporiser, 443 ml",https://patrickmorin.com/fr/scellant-multi-surface-a-vaporiser-443-ml-43942071,https://patrickmorin.com/media/catalog/product/m/u/multi-surface-sealer-spray-443-ml-1-43942071-fr.jpg,43942071,28.99,14.49,14.5,50.02,1,Livraison disponible,https://patrickmorin.com/fr/scellant-multi-surface-a-vaporiser-443-ml-43942071?view-availability=1
"Boulon tête hexagonale, zinc, grade 5, 5/16 po X 4 po, 50/pqt",https://patrickmorin.com/fr/boulon-tete-hexagonale-zinc-grade-5-5-16-po-x-4-po-50-pqt-260810058,https://patrickmorin.com/media/catalog/product/h/e/hex-bolt-zinc-grade-5-1-260810058-fr.jpg,260810058,28.99,14.49,14.5,50.02,1,Livraison disponible,https://patrickmorin.com/fr/boulon-tete-hexagonale-zinc-grade-5-5-16-po-x-4-po-50-pqt-260810058?view-availability=1
Courroie à cliquet,https://patrickmorin.com/fr/courroie-a-cliquet-0036047,https://patrickmorin.com/media/catalog/product/s/t/straps-ratchet-1-0036047-fr.jpg,0036047,54.99,41.24,13.75,25.0,5,Livraison disponible,https://patrickmorin.com/fr/courroie-a-cliquet-0036047?view-availability=1
Loquet a bascule,https://patrickmorin.com/fr/loquet-a-bascule-2591546,https://patrickmorin.com/media/catalog/product/f/l/flip-latch-1-2591546-fr.jpg,2591546,17.99,4.5,13.49,74.99,12,Livraison disponible,https://patrickmorin.com/fr/loquet-a-bascule-2591546?view-availability=1
Miroir pour salle de bain,https://patrickmorin.com/fr/miroir-pour-salle-de-bain-0036445,https://patrickmorin.com/media/catalog/product/b/a/bath-mirror-1-0036445-fr.jpg,0036445,24.99,12.49,12.5,50.02,2,Livraison disponible,https://patrickmorin.com/fr/miroir-pour-salle-de-bain-0036445?view-availability=1
"Rideau lumineux DEL, 2 m x 2 m, bi-colores",https://patrickmorin.com/fr/rideau-lumineux-del-2-m-x-2-m-bi-colores-2600101,https://patrickmorin.com/media/catalog/product/1/-/1-2600101-fr.jpg,2600101,24.99,12.49,12.5,50.02,11,Livraison disponible,https://patrickmorin.com/fr/rideau-lumineux-del-2-m-x-2-m-bi-colores-2600101?view-availability=1
"Table basse BUBBLE, 23 po x 39 po, vert",https://patrickmorin.com/fr/table-basse-bubble-23-po-x-39-po-vert-0075035,https://patrickmorin.com/media/catalog/product/1/-/1-0075035-fr.jpg,0075035,49.99,37.49,12.5,25.01,5,Livraison disponible,https://patrickmorin.com/fr/table-basse-bubble-23-po-x-39-po-vert-0075035?view-availability=1
"Table basse BUBBLE, 23 po x 39 po, corail",https://patrickmorin.com/fr/table-basse-bubble-23-po-x-39-po-corail-0075041,https://patrickmorin.com/media/catalog/product/1/-/1-0075041-fr.jpg,0075041,49.99,37.49,12.5,25.01,3,Livraison disponible,https://patrickmorin.com/fr/table-basse-bubble-23-po-x-39-po-corail-0075041?view-availability=1
"Table basse BUBBLE, 23 po x 39 po, corail",https://patrickmorin.com/fr/table-basse-bubble-23-po-x-39-po-corail-0075038,https://patrickmorin.com/media/catalog/product/1/-/1-0075038-fr.jpg,0075038,49.99,37.49,12.5,25.01,9,Livraison disponible,https://patrickmorin.com/fr/table-basse-bubble-23-po-x-39-po-corail-0075038?view-availability=1
"Vernis polyurethane monocouche, transparent satine, 946 ml",https://patrickmorin.com/fr/vernis-polyurethane-monocouche-transparent-satine-946-ml-1449099,https://patrickmorin.com/media/catalog/product/p/o/polyurethane-varnish-one-coat-clear-satin-946-ml-1-1449099-fr.jpg,1449099,49.99,37.49,12.5,25.01,1,Livraison disponible,https://patrickmorin.com/fr/vernis-polyurethane-monocouche-transparent-satine-946-ml-1449099?view-availability=1
"Vernis polyurethane monocouche, transparent semi-lustre, 946 ml",https://patrickmorin.com/fr/vernis-polyurethane-monocouche-transparent-semi-lustre-946-ml-1449100,https://patrickmorin.com/media/catalog/product/p/o/polyurethane-varnish-one-coat-clear-semi-gloss-946-ml-1-1449100-fr.jpg,1449100,49.99,37.49,12.5,25.01,1,Livraison disponible,https://patrickmorin.com/fr/vernis-polyurethane-monocouche-transparent-semi-lustre-946-ml-1449100?view-availability=1
"Vernis polyurethane monocouche, transparent lustre, 946 ml",https://patrickmorin.com/fr/vernis-polyurethane-monocouche-transparent-lustre-946-ml-1449101,https://patrickmorin.com/media/catalog/product/p/o/polyurethane-varnish-one-coat-clear-gloss-946-ml-1-1449101-fr.jpg,1449101,49.99,37.49,12.5,25.01,2,Livraison disponible,https://patrickmorin.com/fr/vernis-polyurethane-monocouche-transparent-lustre-946-ml-1449101?view-availability=1
"Moulure ventilée en aluminium pour haut de mur, 10 pi",https://patrickmorin.com/fr/moulure-ventilee-en-aluminium-pour-haut-de-mur-10-pi-movehmbl,https://patrickmorin.com/media/catalog/product/v/e/ventilated-aluminium-molding-for-top-of-walls-1-MOVEHMBL-fr.jpg,MOVEHMBL,38.99,26.99,12.0,30.78,23,Livraison disponible,https://patrickmorin.com/fr/moulure-ventilee-en-aluminium-pour-haut-de-mur-10-pi-movehmbl?view-availability=1
Grille-pain à sandwich de camping antiadhésif,https://patrickmorin.com/fr/grille-pain-a-sandwich-de-camping-antiadhesif-0812017,https://patrickmorin.com/media/catalog/product/1/-/1-0812017-fr.jpg,0812017,22.99,11.49,11.5,50.02,10,Livraison disponible,https://patrickmorin.com/fr/grille-pain-a-sandwich-de-camping-antiadhesif-0812017?view-availability=1
Stucco de decoration interieure,https://patrickmorin.com/fr/stucco-de-decoration-interieure-stucdec,https://patrickmorin.com/media/catalog/product/s/t/stucco-interior-decorative-1-STUCDEC-fr.jpg,STUCDEC,45.99,34.49,11.5,25.01,4,Livraison disponible,https://patrickmorin.com/fr/stucco-de-decoration-interieure-stucdec?view-availability=1
"Peinture recyclée, anti corrosion, 3,78L, sable",https://patrickmorin.com/fr/peinture-recyclee-anti-corrosion-3-78l-sable-1445121,https://patrickmorin.com/media/catalog/product/r/e/recycled-paint-anti-corrosion-3-78l-sand-1-1445121-fr.jpg,1445121,44.99,33.74,11.25,25.01,3,Livraison non disponible,https://patrickmorin.com/fr/peinture-recyclee-anti-corrosion-3-78l-sable-1445121?view-availability=1
"Peinture recyclée, anti corrosion, 3,78L, blanc",https://patrickmorin.com/fr/peinture-recyclee-anti-corrosion-3-78l-blanc-1445120,https://patrickmorin.com/media/catalog/product/r/e/recycled-paint-anti-corrosion-3-78l-white-1-1445120-fr.jpg,1445120,44.99,33.74,11.25,25.01,31,Livraison non disponible,https://patrickmorin.com/fr/peinture-recyclee-anti-corrosion-3-78l-blanc-1445120?view-availability=1
"Moulure réductrice pour plancher flottant, 12 mm, noyer",https://patrickmorin.com/fr/moulure-reductrice-pour-plancher-flottant-12-mm-noyer-0928317,https://patrickmorin.com/media/catalog/product/r/e/reducer-moulding-for-laminated-flooring-1-0928317-fr.jpg,0928317,21.99,10.99,11.0,50.02,7,Livraison disponible,https://patrickmorin.com/fr/moulure-reductrice-pour-plancher-flottant-12-mm-noyer-0928317?view-availability=1
Prise chargeur USB et prise double combinée,https://patrickmorin.com/fr/prise-chargeur-usb-et-prise-double-combinee-2710296,https://patrickmorin.com/media/catalog/product/d/e/decora-15a-receptacle-usb-charger-3-6-amp-1-2710296-fr.jpg,2710296,42.99,32.24,10.75,25.01,14,Livraison disponible,https://patrickmorin.com/fr/prise-chargeur-usb-et-prise-double-combinee-2710296?view-availability=1
Boule gonflable solaire à Del avec lumières RGB,https://patrickmorin.com/fr/boule-gonflable-solaire-a-del-avec-lumieres-rgb-0334746,https://patrickmorin.com/media/catalog/product/1/-/1-0334746-fr.jpg,0334746,20.99,10.49,10.5,50.02,6,Livraison disponible,https://patrickmorin.com/fr/boule-gonflable-solaire-a-del-avec-lumieres-rgb-0334746?view-availability=1
"Papier-peint autocollant, coeurs dorés",https://patrickmorin.com/fr/papier-peint-autocollant-coeurs-dores-2827938,https://patrickmorin.com/media/catalog/product/p/e/peel-and-stick-hearts-spots-1-2827938-fr.jpg,2827938,41.99,31.49,10.5,25.01,4,Livraison disponible,https://patrickmorin.com/fr/papier-peint-autocollant-coeurs-dores-2827938?view-availability=1
"Engrais pour la pelouse tout usage, Scotts, 22-0-6",https://patrickmorin.com/fr/engrais-pour-la-pelouse-tout-usage-scotts-22-0-6-1267096,https://patrickmorin.com/media/catalog/product/l/a/lawn-fertilizer-all-purpose-22-0-6-1-1267096-fr.jpg,1267096,19.99,9.99,10.0,50.03,2,Livraison disponible,https://patrickmorin.com/fr/engrais-pour-la-pelouse-tout-usage-scotts-22-0-6-1267096?view-availability=1
Moustiquaire ajustable pour fenêtre,https://patrickmorin.com/fr/moustiquaire-ajustable-pour-fenetre-0278966,https://patrickmorin.com/media/catalog/product/a/d/adjustable-screen-for-window-1-0278966-fr.jpg,0278966,19.99,9.99,10.0,50.03,1,Livraison disponible,https://patrickmorin.com/fr/moustiquaire-ajustable-pour-fenetre-0278966?view-availability=1
"Pluviomètre colibri décoratif de jardin solaire, 18 cm x 87 cm x 7 cm",https://patrickmorin.com/fr/pluviometre-colibri-decoratif-de-jardin-solaire-18-cm-x-87-cm-x-7-cm-0178639,https://patrickmorin.com/media/catalog/product/g/a/garden-decor-8cm-x-87cm-x-7cm-assorted-1-0178639-fr.jpg,0178639,19.99,9.99,10.0,50.03,17,Livraison disponible,https://patrickmorin.com/fr/pluviometre-colibri-decoratif-de-jardin-solaire-18-cm-x-87-cm-x-7-cm-0178639?view-availability=1
"Boulon de carrosserie, tête ronde, 5/16 po x 3 po, 50/pqt",https://patrickmorin.com/fr/boulon-de-carrosserie-tete-ronde-5-16-po-x-3-po-50-pqt-260820696,https://patrickmorin.com/media/catalog/product/c/a/carriage-bolt-pan-head-1-260820696-fr.jpg,260820696,19.99,9.99,10.0,50.03,1,Livraison disponible,https://patrickmorin.com/fr/boulon-de-carrosserie-tete-ronde-5-16-po-x-3-po-50-pqt-260820696?view-availability=1
"Aspirateur pour petite piscine et spa, Venturi",https://patrickmorin.com/fr/aspirateur-pour-petite-piscine-et-spa-venturi-0811057,https://patrickmorin.com/media/catalog/product/v/a/vacuum-cleaner-for-small-pools-and-spas-1-0811057-fr.jpg,0811057,19.99,9.99,10.0,50.03,6,Livraison disponible,https://patrickmorin.com/fr/aspirateur-pour-petite-piscine-et-spa-venturi-0811057?view-availability=1
"Guirlande lumineuse avec rideau vigne de lierre à DEL, 39 po X 62 po, blanc chaud",https://patrickmorin.com/fr/guirlande-lumineuse-avec-rideau-vigne-de-lierre-a-del-39-po-x-62-po-blanc-chaud-0334719,https://patrickmorin.com/media/catalog/product/o/u/outdoor-living-ivy-leaf-curtain-with-led-5mm-lights-39-in-x-62-in-green-1-0334719-fr.jpg,0334719,19.99,9.99,10.0,50.03,2,Livraison disponible,https://patrickmorin.com/fr/guirlande-lumineuse-avec-rideau-vigne-de-lierre-a-del-39-po-x-62-po-blanc-chaud-0334719?view-availability=1
"Banc empilable BUBBLE, une place, corail",https://patrickmorin.com/fr/banc-empilable-bubble-une-place-corail-0075036,https://patrickmorin.com/media/catalog/product/1/-/1-0075036-fr.jpg,0075036,39.99,29.99,10.0,25.01,2,Livraison disponible,https://patrickmorin.com/fr/banc-empilable-bubble-une-place-corail-0075036?view-availability=1
"Banc empilable BUBBLE, une place, vert",https://patrickmorin.com/fr/banc-empilable-bubble-une-place-vert-0075033,https://patrickmorin.com/media/catalog/product/1/-/1-0075033-fr.jpg,0075033,39.99,29.99,10.0,25.01,2,Livraison disponible,https://patrickmorin.com/fr/banc-empilable-bubble-une-place-vert-0075033?view-availability=1
"Tuile de porcelaine WESTSIDE, 11,8 po x 23,6 po, argent mat",https://patrickmorin.com/fr/tuile-de-porcelaine-westside-11-8-po-x-23-6-po-argent-mat-2831676bt,https://patrickmorin.com/media/catalog/product/1/-/1-2831676BT-fr.jpg,2831676BT,39.86,29.89,9.97,25.01,53,Livraison disponible,https://patrickmorin.com/fr/tuile-de-porcelaine-westside-11-8-po-x-23-6-po-argent-mat-2831676bt?view-availability=1
"Rondelle à DEL pour dessous d'armoire, RGB",https://patrickmorin.com/fr/rondelle-a-del-pour-dessous-d-armoire-rgb-0657713,https://patrickmorin.com/media/catalog/product/l/e/led-puck-1-0657713-fr.jpg,0657713,12.99,3.25,9.74,74.98,12,Livraison disponible,https://patrickmorin.com/fr/rondelle-a-del-pour-dessous-d-armoire-rgb-0657713?view-availability=1
"Tuile de porcelaine ROME, 23,4 po x 23,4 po, gris Lappato",https://patrickmorin.com/fr/tuile-de-porcelaine-rome-23-4-po-x-23-4-po-gris-lappato-2831675bt,https://patrickmorin.com/media/catalog/product/1/-/1-2831675BT-fr.jpg,2831675BT,37.87,28.4,9.47,25.01,16,Livraison disponible,https://patrickmorin.com/fr/tuile-de-porcelaine-rome-23-4-po-x-23-4-po-gris-lappato-2831675bt?view-availability=1
Nouille de Piscine Twizzlers/ Pringles,https://patrickmorin.com/fr/nouille-de-piscine-twizzlers-pringles-0147005,https://patrickmorin.com/media/catalog/product/1/-/1-0147005-fr.jpg,0147005,17.99,8.99,9.0,50.03,9,Livraison disponible,https://patrickmorin.com/fr/nouille-de-piscine-twizzlers-pringles-0147005?view-availability=1
Ensemble de nettoyage plancher de bois / lamine (boite),https://patrickmorin.com/fr/ensemble-de-nettoyage-plancher-de-bois-lamine-boite-2885826,https://patrickmorin.com/media/catalog/product/c/o/complete-care-cleaning-system-for-hardwood-laminate-floors-1-2885826-fr.jpg,2885826,32.99,24.74,8.25,25.01,2,Livraison disponible,https://patrickmorin.com/fr/ensemble-de-nettoyage-plancher-de-bois-lamine-boite-2885826?view-availability=1
"Bobine de rechange pour taille-bordure WORX, 0,065 po, 2/pqt",https://patrickmorin.com/fr/bobine-de-rechange-pour-taille-bordure-worx-0-065-po-2-pqt-0720012,https://patrickmorin.com/media/catalog/product/1/-/1-0720012-fr.jpg,0720012,14.99,7.49,7.5,50.03,5,Livraison disponible,https://patrickmorin.com/fr/bobine-de-rechange-pour-taille-bordure-worx-0-065-po-2-pqt-0720012?view-availability=1
"Bobine de rechange pour taille-bordure WORX, 0,065 po",https://patrickmorin.com/fr/bobine-de-rechange-pour-taille-bordure-worx-0-065-po-0720013,https://patrickmorin.com/media/catalog/product/1/-/1-0720013-fr.jpg,0720013,14.99,7.49,7.5,50.03,7,Livraison disponible,https://patrickmorin.com/fr/bobine-de-rechange-pour-taille-bordure-worx-0-065-po-0720013?view-availability=1
"Chaise ALTO, noir",https://patrickmorin.com/fr/chaise-alto-noir-2814171,https://patrickmorin.com/media/catalog/product/1/-/1-2814171-fr.jpg,2814171,29.99,22.49,7.5,25.01,5,Livraison disponible,https://patrickmorin.com/fr/chaise-alto-noir-2814171?view-availability=1
"Chaise ALTO, vert",https://patrickmorin.com/fr/chaise-alto-vert-2814172,https://patrickmorin.com/media/catalog/product/1/-/1-2814172-fr.jpg,2814172,29.99,22.49,7.5,25.01,20,Livraison disponible,https://patrickmorin.com/fr/chaise-alto-vert-2814172?view-availability=1
Sécateur de taille GARDENA GRIPCUT,https://patrickmorin.com/fr/secateur-de-taille-gardena-gripcut-1322130,https://patrickmorin.com/media/catalog/product/1/-/1-1322130-fr.jpg,1322130,29.99,22.49,7.5,25.01,8,Livraison disponible,https://patrickmorin.com/fr/secateur-de-taille-gardena-gripcut-1322130?view-availability=1
"Câble HDMI à ultra-haute vitesse 8k Dolby Atmos mode de jeu VRR 73 po, noir",https://patrickmorin.com/fr/cable-hdmi-a-ultra-haute-vitesse-8k-dolby-atmos-mode-de-jeu-vrr-73-po-noir-0525966,https://patrickmorin.com/media/catalog/product/6/-/6-ft-ultra-high-speed-hdmi-cable-8k-dolby-atmos-game-mode-vrr-black-1-0525966-fr.jpg,0525966,29.99,22.49,7.5,25.01,4,Livraison disponible,https://patrickmorin.com/fr/cable-hdmi-a-ultra-haute-vitesse-8k-dolby-atmos-mode-de-jeu-vrr-73-po-noir-0525966?view-availability=1
"Teinture/vernis teinte 2-en-1, satinée, acajou, 946 ml",https://patrickmorin.com/fr/teinture-vernis-teinte-2-en-1-satinee-acajou-946-ml-1449255,https://patrickmorin.com/media/catalog/product/v/a/varnish-stain-satin-finish-mahogany-946-ml-1-1449255-fr.jpg,1449255,29.99,22.49,7.5,25.01,5,Livraison disponible,https://patrickmorin.com/fr/teinture-vernis-teinte-2-en-1-satinee-acajou-946-ml-1449255?view-availability=1
"Lampe de poche 150 lumens 4,75 po X 9 po X 5 po",https://patrickmorin.com/fr/lampe-de-poche-150-lumens-4-75-po-x-9-po-x-5-po-0333965,https://patrickmorin.com/media/catalog/product/f/l/flashlight-150-lumens-4-75-in-x-9-in-x-5-in-1-0333965-fr.jpg,0333965,9.99,2.5,7.49,74.97,1,Livraison disponible,https://patrickmorin.com/fr/lampe-de-poche-150-lumens-4-75-po-x-9-po-x-5-po-0333965?view-availability=1
Support à tablette,https://patrickmorin.com/fr/support-a-tablette-2929458,https://patrickmorin.com/media/catalog/product/s/h/shelve-bracket-a-tablette-1-2929458-fr.jpg,2929458,13.99,6.99,7.0,50.04,13,Livraison disponible,https://patrickmorin.com/fr/support-a-tablette-2929458?view-availability=1
Colorant a beton / mortier / stuc,https://patrickmorin.com/fr/colorant-a-beton-mortier-stuc-0533821,https://patrickmorin.com/media/catalog/product/c/o/coloration-system-for-concrete-mortar-stucco-1-0533821-fr.jpg,0533821,27.99,20.99,7.0,25.01,5,Livraison disponible,https://patrickmorin.com/fr/colorant-a-beton-mortier-stuc-0533821?view-availability=1
Colorant a beton / mortier / stuc,https://patrickmorin.com/fr/colorant-a-beton-mortier-stuc-0533823,https://patrickmorin.com/media/catalog/product/c/o/coloration-system-for-concrete-mortar-stucco-1-0533823-fr.jpg,0533823,27.99,20.99,7.0,25.01,1,Livraison disponible,https://patrickmorin.com/fr/colorant-a-beton-mortier-stuc-0533823?view-availability=1
Colorant a beton / mortier / stuc,https://patrickmorin.com/fr/colorant-a-beton-mortier-stuc-0533819,https://patrickmorin.com/media/catalog/product/c/o/coloration-system-for-concrete-mortar-stucco-1-0533819-fr.jpg,0533819,27.99,20.99,7.0,25.01,5,Livraison disponible,https://patrickmorin.com/fr/colorant-a-beton-mortier-stuc-0533819?view-availability=1
"Housse de rechange en microfibre, reversible",https://patrickmorin.com/fr/housse-de-rechange-en-microfibre-reversible-2885827,https://patrickmorin.com/media/catalog/product/r/e/replacement-mop-cover-microfiber-reversible-1-2885827-fr.jpg,2885827,12.99,6.49,6.5,50.04,1,Livraison disponible,https://patrickmorin.com/fr/housse-de-rechange-en-microfibre-reversible-2885827?view-availability=1
"Lampe solaire prisme de poteau, noir",https://patrickmorin.com/fr/lampe-solaire-prisme-de-poteau-noir-0656722,https://patrickmorin.com/media/catalog/product/1/-/1-0656722-fr.jpg,0656722,12.99,6.49,6.5,50.04,5,Livraison disponible,https://patrickmorin.com/fr/lampe-solaire-prisme-de-poteau-noir-0656722?view-availability=1
"Huile danoise chene dore, 947 ml",https://patrickmorin.com/fr/huile-danoise-chene-dore-947-ml-66511,https://patrickmorin.com/media/catalog/product/d/a/danish-oil-golden-oak-947-ml-1-66511-fr.jpg,66511,25.99,19.49,6.5,25.01,1,Livraison disponible,https://patrickmorin.com/fr/huile-danoise-chene-dore-947-ml-66511?view-availability=1
Huile hydraulique universelle anti-usure,https://patrickmorin.com/fr/huile-hydraulique-universelle-anti-usure-0721894,https://patrickmorin.com/media/catalog/product/u/n/universal-anti-wear-hydraulic-oil-1-0721894-fr.jpg,0721894,12.49,6.24,6.25,50.04,6,Livraison non disponible,https://patrickmorin.com/fr/huile-hydraulique-universelle-anti-usure-0721894?view-availability=1
"Support mural à 7 crochets DOTSY, noir",https://patrickmorin.com/fr/support-mural-a-7-crochets-dotsy-noir-2811482,https://patrickmorin.com/media/catalog/product/1/-/1-2811482-fr.jpg,2811482,24.99,18.74,6.25,25.01,1,Livraison disponible,https://patrickmorin.com/fr/support-mural-a-7-crochets-dotsy-noir-2811482?view-availability=1
"Tuile de porcelaine PRISMA, 13 po X 19 po, gris",https://patrickmorin.com/fr/tuile-de-porcelaine-prisma-13-po-x-19-po-gris-2579788bt,https://patrickmorin.com/media/catalog/product/p/r/prisma-ceramic-tile-13-in-x-19-in-grey-1-2579788BT-fr.jpg,2579788BT,24.45,18.34,6.11,24.99,3,Livraison disponible,https://patrickmorin.com/fr/tuile-de-porcelaine-prisma-13-po-x-19-po-gris-2579788bt?view-availability=1
Jeux classique de voyage. Monopoly,https://patrickmorin.com/fr/jeux-classique-de-voyage-monopoly-0812064,https://patrickmorin.com/media/catalog/product/1/-/1-0812064-fr.jpg,0812064,11.99,5.99,6.0,50.04,2,Livraison disponible,https://patrickmorin.com/fr/jeux-classique-de-voyage-monopoly-0812064?view-availability=1
Petit crochet pour salle de bain,https://patrickmorin.com/fr/petit-crochet-pour-salle-de-bain-0036443,https://patrickmorin.com/media/catalog/product/s/m/small-bath-hook-1-0036443-fr.jpg,0036443,11.49,5.74,5.75,50.04,14,Livraison disponible,https://patrickmorin.com/fr/petit-crochet-pour-salle-de-bain-0036443?view-availability=1
"Soucoupe à neige, 26,5 po, bleu",https://patrickmorin.com/fr/soucoupe-a-neige-26-5-po-bleu-0281980,https://patrickmorin.com/media/catalog/product/s/n/snow-saucer-26-5-in-blue-1-0281980-fr.jpg,0281980,10.99,5.49,5.5,50.05,7,Livraison disponible,https://patrickmorin.com/fr/soucoupe-a-neige-26-5-po-bleu-0281980?view-availability=1
"Peinture émail aérosol haute chaleur, bbq/foyer/poêle à bois, fini lustré, aluminium, 340 g",https://patrickmorin.com/fr/peinture-email-aerosol-haute-chaleur-bbq-foyer-poele-a-bois-fini-lustre-aluminium-340-g-0330078,https://patrickmorin.com/media/catalog/product/s/p/spray-enamel-paint-high-heat-bbq-fireplace-wood-stove-gloss-finish-1-0330078-fr.jpg,0330078,21.99,16.49,5.5,25.01,7,Livraison disponible,https://patrickmorin.com/fr/peinture-email-aerosol-haute-chaleur-bbq-foyer-poele-a-bois-fini-lustre-aluminium-340-g-0330078?view-availability=1
"Support à tablette en fonte noir, 34 cm x 23 cm",https://patrickmorin.com/fr/support-a-tablette-en-fonte-noir-34-cm-x-23-cm-2929997,https://patrickmorin.com/media/catalog/product/d/e/decorative-shelf-bracket-34-cm-x-23-cm-1-2929997-fr.jpg,2929997,21.99,16.49,5.5,25.01,7,Livraison disponible,https://patrickmorin.com/fr/support-a-tablette-en-fonte-noir-34-cm-x-23-cm-2929997?view-availability=1
"Tapis LADRILLON, 24 po x 36 po, charbon",https://patrickmorin.com/fr/tapis-ladrillon-24-po-x-36-po-charbon-0417267,https://patrickmorin.com/media/catalog/product/e/n/entrance-mat-ladrillon-24-in-x-36-in-charcoal-1-0417267-fr.jpg,0417267,19.99,14.99,5.0,25.01,2,Livraison disponible,https://patrickmorin.com/fr/tapis-ladrillon-24-po-x-36-po-charbon-0417267?view-availability=1
Arroseur à pulsations avec pieu de métal Rainwave,https://patrickmorin.com/fr/arroseur-a-pulsations-avec-pieu-de-metal-rainwave-0200121,https://patrickmorin.com/media/catalog/product/p/u/pulsating-lawn-sprinkler-a-pulsations-1-0200121-fr.jpg,0200121,8.99,4.49,4.5,50.06,5,Livraison disponible,https://patrickmorin.com/fr/arroseur-a-pulsations-avec-pieu-de-metal-rainwave-0200121?view-availability=1
Arroseur Hi-Rise,https://patrickmorin.com/fr/arroseur-hi-rise-0200181,https://patrickmorin.com/media/catalog/product/h/i/hi-rise-sprinkler-1-0200181-fr.jpg,0200181,17.99,13.49,4.5,25.01,3,Livraison disponible,https://patrickmorin.com/fr/arroseur-hi-rise-0200181?view-availability=1
"Veste de sauvetage gonflable pour enfant, petit, jaune",https://patrickmorin.com/fr/veste-de-sauvetage-gonflable-pour-enfant-petit-jaune-2813948,https://patrickmorin.com/media/catalog/product/s/w/swim-vest-for-kids-18-in-x-18-in-x-17-in-yellow-1-2813948-fr.jpg,2813948,4.99,0.5,4.49,89.98,419,Livraison disponible,https://patrickmorin.com/fr/veste-de-sauvetage-gonflable-pour-enfant-petit-jaune-2813948?view-availability=1
Organisateur de 3 sections,https://patrickmorin.com/fr/organisateur-de-3-sections-0812031,https://patrickmorin.com/media/catalog/product/1/-/1-0812031-fr.jpg,0812031,8.49,4.24,4.25,50.06,15,Livraison disponible,https://patrickmorin.com/fr/organisateur-de-3-sections-0812031?view-availability=1
"Pâte à bois au latex Tuscany, 200 g",https://patrickmorin.com/fr/pate-a-bois-au-latex-tuscany-200-g-2885397,https://patrickmorin.com/media/catalog/product/1/-/1-2885397-fr.jpg,2885397,7.99,3.99,4.0,50.06,12,Livraison disponible,https://patrickmorin.com/fr/pate-a-bois-au-latex-tuscany-200-g-2885397?view-availability=1
"Engrais pour plante tout usage, fumier de poule pur bio, 2 kg",https://patrickmorin.com/fr/engrais-pour-plante-tout-usage-fumier-de-poule-pur-bio-2-kg-1267242,https://patrickmorin.com/media/catalog/product/1/-/1-1267242-fr.jpg,1267242,14.99,11.24,3.75,25.02,8,Livraison disponible,https://patrickmorin.com/fr/engrais-pour-plante-tout-usage-fumier-de-poule-pur-bio-2-kg-1267242?view-availability=1
"Teinture/vernis teinte 2-en-1, satinée, noir, 236 ml",https://patrickmorin.com/fr/teinture-vernis-teinte-2-en-1-satinee-noir-236-ml-1449285,https://patrickmorin.com/media/catalog/product/v/a/varnish-stain-satin-finish-classic-black-236-ml-1-1449285-fr.jpg,1449285,14.99,11.24,3.75,25.02,2,Livraison disponible,https://patrickmorin.com/fr/teinture-vernis-teinte-2-en-1-satinee-noir-236-ml-1449285?view-availability=1
"Teinture/vernis teinte 2-en-1, satinée, noyer antique, 236 ml",https://patrickmorin.com/fr/teinture-vernis-teinte-2-en-1-satinee-noyer-antique-236-ml-1449233,https://patrickmorin.com/media/catalog/product/v/a/varnish-stain-satin-finish-antique-walnut-236-ml-1-1449233-fr.jpg,1449233,14.99,11.24,3.75,25.02,3,Livraison disponible,https://patrickmorin.com/fr/teinture-vernis-teinte-2-en-1-satinee-noyer-antique-236-ml-1449233?view-availability=1
"Clenche à pouce, acier",https://patrickmorin.com/fr/clenche-a-pouce-acier-0005596,https://patrickmorin.com/media/catalog/product/t/h/thumb-latch-steel-1-0005596-fr.jpg,0005596,14.69,11.02,3.67,24.98,8,Livraison disponible,https://patrickmorin.com/fr/clenche-a-pouce-acier-0005596?view-availability=1
"Poignée de coffre, Laiton, 1 3/8 po x 3 1/2 po",https://patrickmorin.com/fr/poignee-de-coffre-laiton-1-3-8-po-x-3-1-2-po-2596181,https://patrickmorin.com/media/catalog/product/c/h/chest-handle-1-3-8-in-x-3-1-2-in-1-2596181-fr.jpg,2596181,6.99,3.49,3.5,50.07,2,Livraison disponible,https://patrickmorin.com/fr/poignee-de-coffre-laiton-1-3-8-po-x-3-1-2-po-2596181?view-availability=1
"Peinture antirouille aérosol à base d'huile, fini lustré, vert John Deere, 340 g",https://patrickmorin.com/fr/peinture-antirouille-aerosol-a-base-d-huile-fini-lustre-vert-john-deere-340-g-0330003,https://patrickmorin.com/media/catalog/product/s/p/spray-anti-rust-paint-oil-based-gloss-finish-340-g-1-0330003-fr.jpg,0330003,13.99,10.49,3.5,25.02,9,Livraison disponible,https://patrickmorin.com/fr/peinture-antirouille-aerosol-a-base-d-huile-fini-lustre-vert-john-deere-340-g-0330003?view-availability=1
Ensemble de support à accessoire pour parasol,https://patrickmorin.com/fr/ensemble-de-support-a-accessoire-pour-parasol-0312074,https://patrickmorin.com/media/catalog/product/c/e/cell-hoder-bottle-1-0312074-fr.jpg,0312074,4.49,1.12,3.37,75.06,47,Livraison disponible,https://patrickmorin.com/fr/ensemble-de-support-a-accessoire-pour-parasol-0312074?view-availability=1
"Tasse en émail, bleu",https://patrickmorin.com/fr/tasse-en-email-bleu-0812034,https://patrickmorin.com/media/catalog/product/1/-/1-0812034-fr.jpg,0812034,5.99,2.99,3.0,50.08,2,Livraison disponible,https://patrickmorin.com/fr/tasse-en-email-bleu-0812034?view-availability=1
"Sableur rond en mousse éponge avec velcro, 5 po,",https://patrickmorin.com/fr/sableur-rond-en-mousse-eponge-avec-velcro-5-po-0271554,https://patrickmorin.com/media/catalog/product/r/o/round-sander-with-velcro-backing-soft-handle-on-blister-5-in-1-0271554-fr.jpg,0271554,11.99,8.99,3.0,25.02,6,Livraison disponible,https://patrickmorin.com/fr/sableur-rond-en-mousse-eponge-avec-velcro-5-po-0271554?view-availability=1
Grille-pain de camping à 4 tranches,https://patrickmorin.com/fr/grille-pain-de-camping-a-4-tranches-0312092,https://patrickmorin.com/media/catalog/product/c/a/camp-stobe-toaster-1-0312092-fr.jpg,0312092,11.99,8.99,3.0,25.02,3,Livraison disponible,https://patrickmorin.com/fr/grille-pain-de-camping-a-4-tranches-0312092?view-availability=1
"Raccord pour boyau d'arrosage, mâle/femelle, 1/2 po, laiton, 2 pièces",https://patrickmorin.com/fr/raccord-pour-boyau-d-arrosage-male-femelle-1-2-po-laiton-2-pieces-0200106,https://patrickmorin.com/media/catalog/product/c/o/connector-repair-for-garden-hose-male-female-1-0200106-fr.jpg,0200106,5.49,2.74,2.75,50.09,13,Livraison disponible,https://patrickmorin.com/fr/raccord-pour-boyau-d-arrosage-male-femelle-1-2-po-laiton-2-pieces-0200106?view-availability=1
"Bol en email, 16 cm",https://patrickmorin.com/fr/bol-en-email-16-cm-0812035,https://patrickmorin.com/media/catalog/product/1/-/1-0812035-fr.jpg,0812035,4.99,2.49,2.5,50.1,13,Livraison disponible,https://patrickmorin.com/fr/bol-en-email-16-cm-0812035?view-availability=1
"Assiette de camping en acier émaillé, bleu, 25 cm",https://patrickmorin.com/fr/assiette-de-camping-en-acier-emaille-bleu-25-cm-0812036,https://patrickmorin.com/media/catalog/product/1/-/1-0812036-fr.jpg,0812036,4.99,2.49,2.5,50.1,8,Livraison disponible,https://patrickmorin.com/fr/assiette-de-camping-en-acier-emaille-bleu-25-cm-0812036?view-availability=1
Ensemble de pellicule isolante pour fenêtre (64 X 168 pouces),https://patrickmorin.com/fr/ensemble-de-pellicule-isolante-pour-fenetre-64-x-168-pouces-1600077,https://patrickmorin.com/media/catalog/product/w/i/window-insulating-film-kit-64-x-168-inch-1-1600077-fr.jpg,1600077,9.99,7.49,2.5,25.03,2,Livraison disponible,https://patrickmorin.com/fr/ensemble-de-pellicule-isolante-pour-fenetre-64-x-168-pouces-1600077?view-availability=1
Ensemble de pellicule isolante pour fenêtre (64 X 210 pouces),https://patrickmorin.com/fr/ensemble-de-pellicule-isolante-pour-fenetre-64-x-210-pouces-1600072,https://patrickmorin.com/media/catalog/product/w/i/window-insulating-film-kit-64-x-210-inch-1-1600072-fr.jpg,1600072,9.99,7.49,2.5,25.03,3,Livraison disponible,https://patrickmorin.com/fr/ensemble-de-pellicule-isolante-pour-fenetre-64-x-210-pouces-1600072?view-availability=1
"Engrais fumier de poule granulé, 260 g",https://patrickmorin.com/fr/engrais-fumier-de-poule-granule-260-g-1267250,https://patrickmorin.com/media/catalog/product/1/-/1-1267250-fr.jpg,1267250,6.49,4.87,1.62,24.96,13,Livraison disponible,https://patrickmorin.com/fr/engrais-fumier-de-poule-granule-260-g-1267250?view-availability=1
"Disque de meulage de métal, type 27, 4 po x 1/4 po, arbre de 5/8 po",https://patrickmorin.com/fr/disque-de-meulage-de-metal-type-27-4-po-x-1-4-po-arbre-de-5-8-po-0696177,https://patrickmorin.com/media/catalog/product/1/-/1-0696177-fr.jpg,0696177,2.99,1.49,1.5,50.17,21,Livraison disponible,https://patrickmorin.com/fr/disque-de-meulage-de-metal-type-27-4-po-x-1-4-po-arbre-de-5-8-po-0696177?view-availability=1
Ensemble raccord rapide tuyau/accessoire mâle-femelle,https://patrickmorin.com/fr/ensemble-raccord-rapide-tuyau-accessoire-male-femelle-0200174,https://patrickmorin.com/media/catalog/product/p/l/plastic-quick-connect-set-male-female-1-0200174-fr.jpg,0200174,2.99,1.49,1.5,50.17,22,Livraison disponible,https://patrickmorin.com/fr/ensemble-raccord-rapide-tuyau-accessoire-male-femelle-0200174?view-availability=1
"Rail pour porte pliante, 30 po",https://patrickmorin.com/fr/rail-pour-porte-pliante-30-po-28611020,https://patrickmorin.com/media/catalog/product/t/r/track-for-bifold-door-30-in-1-28611020-fr.jpg,28611020,5.99,4.49,1.5,25.04,4,Livraison disponible,https://patrickmorin.com/fr/rail-pour-porte-pliante-30-po-28611020?view-availability=1
"Bûches écologique XTRAFLAME, 4 x 5 lb",https://patrickmorin.com/fr/buches-ecologique-xtraflame-4-x-5-lb-1942724,https://patrickmorin.com/media/catalog/product/1/-/1-1942724-fr.jpg,1942724,4.59,3.44,1.15,25.05,421,Livraison disponible,https://patrickmorin.com/fr/buches-ecologique-xtraflame-4-x-5-lb-1942724?view-availability=1
2 marqueurs noirs à pointe fine INKZALL,https://patrickmorin.com/fr/2-marqueurs-noirs-a-pointe-fine-inkzall-1198235,https://patrickmorin.com/media/catalog/product/2/-/2-pc-inkzall-black-fine-point-markers-1-1198235-fr.jpg,1198235,3.99,2.99,1.0,25.06,3,Livraison disponible,https://patrickmorin.com/fr/2-marqueurs-noirs-a-pointe-fine-inkzall-1198235?view-availability=1
Marqueur noir à pointe biseautée INKZALL,https://patrickmorin.com/fr/marqueur-noir-a-pointe-biseautee-inkzall-1198233,https://patrickmorin.com/media/catalog/product/i/n/inkzall-black-chisel-tip-marker-1-1198233-fr.jpg,1198233,3.99,2.99,1.0,25.06,16,Livraison disponible,https://patrickmorin.com/fr/marqueur-noir-a-pointe-biseautee-inkzall-1198233?view-availability=1
Marqueur noir à pointe fine INKZAL,https://patrickmorin.com/fr/marqueur-noir-a-pointe-fine-inkzal-1198209,https://patrickmorin.com/media/catalog/product/b/l/black-fine-point-marker-inkzall-1-1198209-fr.jpg,1198209,1.99,1.49,0.5,25.13,29,Livraison disponible,https://patrickmorin.com/fr/marqueur-noir-a-pointe-fine-inkzal-1198209?view-availability=1
"Bûches écologique XTRAFLAME, 8 x 2,6 lb",https://patrickmorin.com/fr/buches-ecologique-xtraflame-8-x-2-6-lb-1942723,https://patrickmorin.com/media/catalog/product/1/-/1-1942723-fr.jpg,1942723,3.99,3.49,0.5,12.53,618,Livraison disponible,https://patrickmorin.com/fr/buches-ecologique-xtraflame-8-x-2-6-lb-1942723?view-availability=1
Anneau pour cle,https://patrickmorin.com/fr/anneau-pour-cle-1665097,https://patrickmorin.com/media/catalog/product/r/i/ring-for-key-1-1665097-fr.jpg,1665097,0.69,0.34,0.35,50.72,13,Livraison disponible,https://patrickmorin.com/fr/anneau-pour-cle-1665097?view-availability=1
"Pinceau d'artiste en soie rond #4, long manche de bois",https://patrickmorin.com/fr/pinceau-d-artiste-en-soie-rond-4-long-manche-de-bois-2592092,https://patrickmorin.com/media/catalog/product/a/r/artist-brush-round-bristle-long-wood-handle-4-1-2592092-fr.jpg,2592092,1.39,1.04,0.35,25.18,2,Livraison disponible,https://patrickmorin.com/fr/pinceau-d-artiste-en-soie-rond-4-long-manche-de-bois-2592092?view-availability=1
